,NOC,Medal_sum,people,Fscore,gen_ave,enrollment,adolescent_fertility,Labor,Schooling_years,Primary_edu,Employment
1,AFG_2004,2,5,0.4,27.04841,NA,86.51818,14.40777,4.29471,29.1264,0.895
2,AFG_2008,1,4,0.25,35.38682,NA,88.88586,13.84834,NA,37.78309,1.03
3,AFG_2012,1,6,0.16666667,37.12263,NA,91.3877,14.79695,NA,40.71588,1.59
4,AFG_2016,1,3,0.33333333,37.28781,NA,93.12058,17.28286,NA,NA,1.46
5,ALB_1992,2,9,0.22222222,40.34866,NA,98.1267,42.90692,10.75121,48.54349,1.415
6,ALB_1996,6,9,0.66666667,40.32176,NA,98.07894,43.28909,10.18459,48.00117,2.055
7,ALB_2000,3,5,0.6,49.25099,95.17524,98.09628,41.08101,10.60385,48.26954,2.28
8,ALB_2004,2,7,0.28571429,48.85391,91.58021,98.1312,41.53448,10.97959,48.213,2.685
9,ALB_2008,5,12,0.41666667,48.45192,86.95978,98.10884,42.41739,12.31834,47.85715,3.05
10,ALB_2012,3,10,0.3,49.68149,90.03854,97.927,42.56865,15.03083,47.22893,5.295
11,ALB_2014,2,2,1,50.22686,95.92709,97.92952,41.1007,16.29178,47.31709,2.795
12,ALB_2016,3,6,0.5,50.53862,95.06893,97.93204,41.99053,15.89969,47.24054,5.1
13,AND_2002,2,5,0.4,47.41967,NA,NA,NA,NA,47.41967,NA
14,AND_2004,2,6,0.33333333,47.06848,NA,NA,NA,NA,47.06848,NA
15,AND_2008,2,5,0.4,47.19501,NA,NA,NA,NA,47.19501,NA
16,AND_2010,7,20,0.35,48.15663,NA,NA,NA,NA,48.15663,NA
17,AND_2012,2,6,0.33333333,47.02179,NA,NA,NA,NA,47.02179,NA
18,AND_2014,5,12,0.41666667,47.10947,NA,NA,NA,NA,47.10947,NA
19,AND_2016,2,4,0.5,47.0339,NA,NA,NA,NA,47.0339,NA
20,ARG_1992,45,157,0.2866242,48.0563,NA,92.6798,39.43411,NA,NA,12.055
21,ARG_1994,13,20,0.65,48.34424,NA,92.81584,40.07187,NA,NA,12.145
22,ARG_1996,69,221,0.31221719,48.5817,NA,92.95188,40.40122,NA,48.94371,12.03
23,ARG_1998,5,6,0.83333333,48.77015,NA,93.11668,40.99463,NA,48.9743,11.995
24,ARG_2000,365,165,2.21212121,42.92194,NA,93.31024,41.07891,16.33546,49.0851,14.8
25,ARG_2002,11,26,0.42307692,42.05843,NA,93.5038,40.87417,17.16529,49.08889,9.66
26,ARG_2004,226,179,1.26256983,51.97538,98.59771,93.55292,41.5752,17.12874,48.97273,12.025
27,ARG_2006,9,17,0.52941176,52.08085,99.14155,93.60204,41.4898,17.25483,48.99691,12
28,ARG_2008,209,145,1.44137931,52.44986,99.16072,93.62176,40.94063,17.51383,49.01723,14.445
29,ARG_2010,12,20,0.6,52.34363,98.37241,93.61208,40.204,18.07123,48.79207,15.01
30,ARG_2012,330,148,2.22972973,52.37131,98.51051,93.6024,41.08632,18.29912,48.80953,13.92
31,ARG_2014,9,20,0.45,52.18755,99.47048,93.64984,40.75024,18.48789,49.04683,11.72
32,ARG_2016,140,232,0.60344828,48.92816,NA,93.69728,40.8972,NA,NA,12.19
33,ARM_1996,2,38,0.05263158,47.69658,NA,94.4073,45.57542,NA,50.28361,0.52
34,ARM_1998,3,7,0.42857143,47.25479,NA,95.36078,46.16358,NA,NA,0.24
35,ARM_2000,2,26,0.07692308,40.72459,NA,96.06074,46.56727,11.69889,49.04607,0.25
36,ARM_2002,8,17,0.47058824,56.01455,87.73029,96.7607,46.51187,NA,48.73989,0.33
37,ARM_2004,2,19,0.10526316,48.00501,NA,96.94502,46.36304,NA,48.347,0.365
38,ARM_2006,1,9,0.11111111,57.00495,93.35196,97.12934,46.27115,NA,47.81732,0.455
39,ARM_2008,2,26,0.07692308,40.68552,NA,97.2329,46.27261,12.69339,46.74371,0.485
40,ARM_2010,3,6,0.5,47.60834,NA,97.2557,45.65114,NA,46.8115,0.715
41,ARM_2012,13,31,0.41935484,48.14779,NA,97.2785,47.17197,NA,46.6657,1.475
42,ARM_2014,1,6,0.16666667,48.50666,NA,97.4405,46.92998,NA,46.81617,2.84
43,ARM_2016,10,34,0.29411765,57.06107,92.59264,97.6025,46.64107,NA,46.78915,1.68
44,AUS_1992,350,431,0.81206497,62.34526,96.98586,97.9125,41.76454,NA,48.6384,26.425
45,AUS_1994,12,47,0.25531915,55.0289,96.2691,97.96938,42.29894,17.30832,48.66767,27.66
46,AUS_1996,1411,550,2.56545455,55.25184,95.37764,98.02626,42.85267,19.44697,48.65248,27.155
47,AUS_1998,19,34,0.55882353,62.60513,95.48053,98.10538,43.04843,NA,48.65631,27.735
48,AUS_2000,2209,788,2.80329949,62.5662,95.67675,98.20674,43.62882,NA,48.63367,26.685
49,AUS_2002,48,41,1.17073171,62.93522,95.62742,98.3081,44.05368,NA,48.60689,28.08
50,AUS_2004,1512,601,2.51580699,62.89819,96.56304,98.30086,44.33498,NA,48.61707,26.675
51,AUS_2006,27,45,0.6,62.843,96.95121,98.29362,44.82556,NA,48.60962,25.535
52,AUS_2008,1696,570,2.9754386,62.8858,97.59558,98.33598,45.04687,NA,48.61558,24.835
53,AUS_2010,81,49,1.65306122,62.72251,97.62961,98.42794,45.08701,NA,48.59299,23.875
54,AUS_2012,1248,514,2.42801556,62.502,98.01846,98.5199,45.42269,NA,48.56895,21.98
55,AUS_2014,71,84,0.8452381,62.39953,97.52725,98.59586,45.70643,NA,48.55813,21.61
56,AUS_2016,1154,518,2.22779923,55.86132,97.18244,98.67182,46.12704,23.32659,48.64006,21.22
57,AUT_1992,226,248,0.91129032,43.10667,NA,97.9611,41.65041,13.95501,48.64185,13.325
58,AUT_1994,104,130,0.8,43.53522,NA,98.1851,42.9879,14.36499,48.59811,13.54
59,AUT_1996,30,92,0.32608696,43.69489,NA,98.4091,43.19173,14.62185,48.54675,13.705
60,AUT_1998,104,154,0.67532468,44.31025,NA,98.54996,43.52032,15.65476,48.49121,15.335
61,AUT_2000,64,114,0.56140351,51.53542,NA,98.60768,43.51237,NA,48.44664,15.575
62,AUT_2002,60,148,0.40540541,51.65548,NA,98.6654,44.29209,NA,48.45944,15.205
63,AUT_2004,74,92,0.80434783,50.96657,NA,98.75416,45.11216,NA,48.73996,11.26
64,AUT_2006,147,132,1.11363636,51.45264,NA,98.84292,45.43661,NA,48.51601,13.015
65,AUT_2008,56,93,0.60215054,51.53662,NA,98.94056,45.73339,NA,48.33752,13.135
66,AUT_2010,135,132,1.02272727,51.68544,NA,99.04708,46.13933,NA,48.42035,13.135
67,AUT_2012,38,90,0.42222222,51.50212,NA,99.1536,46.49447,NA,48.5654,11.795
68,AUT_2014,226,213,1.06103286,44.5616,NA,99.2164,46.69433,16.1227,48.62456,12.15
69,AUT_2016,49,85,0.57647059,44.73353,NA,99.2792,46.72999,16.38343,48.54505,12.73
70,AZE_1996,4,24,0.16666667,50.15298,97.36618,95.8628,46.25677,10.17729,51.05487,0.2
71,AZE_1998,2,4,0.5,55.75226,87.86644,95.96098,46.31001,NA,48.48889,0.135
72,AZE_2000,36,32,1.125,56.12806,88.01044,96.34934,47.12475,NA,48.89079,0.265
73,AZE_2002,1,4,0.25,55.49997,83.88251,96.7377,48.34637,NA,48.13829,0.395
74,AZE_2004,25,37,0.67567568,55.38961,82.68182,96.50322,49.38197,NA,47.82103,0.56
75,AZE_2006,1,2,0.5,55.41276,80.84676,96.26874,50.36025,NA,47.14305,2.445
76,AZE_2008,23,44,0.52272727,56.00757,83.64021,95.94192,50.4005,NA,46.86519,3.19
77,AZE_2010,2,4,0.5,64.53658,84.09397,95.52276,49.45413,NA,46.44202,47.17
78,AZE_2012,44,59,0.74576271,64.15021,88.10681,95.1036,48.95426,NA,46.1564,42.43
79,BDI_1996,1,7,0.14285714,48.99656,NA,95.248,52.7971,NA,45.78616,2.155
80,BDI_2000,1,6,0.16666667,46.52714,38.24498,95.9341,52.08771,NA,44.4239,1.945
81,BDI_2004,2,7,0.28571429,42.16558,52.12792,96.4853,51.87021,5.14576,45.42927,1.935
82,BDI_2008,2,3,0.66666667,58.2454,91.85517,96.7296,51.94514,NA,48.7271,1.97
83,BDI_2012,4,6,0.66666667,42.4464,NA,97.012,52.23779,10.62987,50.30235,2.05
84,BDI_2016,23,10,2.3,50.64299,NA,97.25984,52.34716,NA,50.40497,2.56
85,BEL_1992,68,110,0.61818182,57.47622,96.34972,98.9181,40.46281,NA,49.09047,2.56
86,BEL_1994,6,8,0.75,50.93125,97.27382,98.94378,41.21323,17.08447,48.48721,2.585
87,BEL_1996,85,81,1.04938272,51.26429,97.66343,98.96946,41.51958,17.95634,48.52194,2.955
88,BEL_2000,90,94,0.95744681,53.31513,99.36219,98.93592,42.98506,18.49725,48.64037,11.47
89,BEL_2004,64,70,0.91428571,53.05314,96.61369,98.9418,43.63948,19.03843,48.81042,11.275
90,BEL_2008,127,112,1.13392857,53.54076,98.06049,99.07702,44.73863,19.96723,48.91618,10.485
91,BEL_2010,4,10,0.4,53.84482,97.73288,99.23706,45.1422,20.03262,48.86418,12.06
92,BEL_2012,67,142,0.47183099,53.69784,98.13269,99.3971,45.27134,20.19471,48.77118,10.42
93,BEL_2014,5,11,0.45454545,54.14687,97.98738,99.44314,45.98161,20.69152,48.89758,11.88
94,BEL_2016,91,138,0.65942029,52.38811,NA,99.48918,45.92515,NA,NA,11.75
95,BEN_1992,2,7,0.28571429,39.49654,32.99804,87.3234,41.567,NA,33.58426,2.01
96,BEN_1996,1,7,0.14285714,42.69714,43.90907,87.63884,43.59386,NA,36.45392,1.89
97,BEN_2000,1,4,0.25,36.38839,NA,88.14754,45.87141,5.08576,40.17722,2.66
98,BEN_2004,2,4,0.5,37.74599,NA,88.7133,47.75372,6.86919,42.78876,2.605
99,BEN_2008,2,5,0.4,54.00578,83.58132,89.37838,49.18513,NA,45.52908,2.355
100,BEN_2012,1,5,0.2,47.36654,NA,90.3635,49.08338,NA,46.8943,3.125
101,BEN_2016,2,6,0.33333333,47.86983,NA,91.18502,49.14948,NA,NA,3.275
102,BIH_1992,6,13,0.46153846,53.14726,NA,97.4414,40.42039,NA,NA,21.58
103,BIH_1994,2,12,0.16666667,55.479,NA,97.45524,40.42177,NA,NA,28.56
104,BIH_2000,2,11,0.18181818,61.66125,NA,97.85832,40.25543,NA,NA,46.87
105,BIH_2008,1,7,0.14285714,64.84398,NA,98.46366,39.68892,NA,48.66835,72.555
106,BIH_2010,7,10,0.7,50.92302,NA,98.62898,39.53889,NA,48.8592,16.665
107,BIH_2012,2,8,0.25,50.41832,NA,98.7943,39.42298,NA,48.63102,14.825
108,BIH_2014,5,14,0.35714286,50.91472,NA,98.87582,39.33259,NA,48.60548,16.845
109,BIH_2016,4,11,0.36363636,51.35297,NA,98.95734,38.73555,NA,48.49901,19.22
110,BLR_1994,50,74,0.67567568,48.55002,NA,96.025,48.25919,NA,48.77088,1.145
111,BLR_1996,252,259,0.97297297,48.67459,NA,96.4736,48.3685,NA,47.95127,1.905
112,BLR_1998,39,107,0.36448598,41.6951,NA,96.8725,48.58071,12.89796,47.71433,2.41
113,BLR_2000,350,231,1.51515152,49.14806,NA,97.2217,48.79028,NA,48.36027,2.22
114,BLR_2002,47,123,0.38211382,49.17145,NA,97.5709,49.07043,NA,48.26448,1.78
115,BLR_2004,190,192,0.98958333,49.39147,NA,97.65954,49.26295,NA,47.78341,2.86
116,BLR_2006,42,70,0.6,49.72317,NA,97.74818,49.43831,NA,48.07117,3.635
117,BLR_2008,262,237,1.10548523,43.38228,NA,97.80884,49.58619,15.96746,48.51892,5.03
118,BLR_2010,51,95,0.53684211,51.15506,91.30191,97.84152,49.6459,16.08207,48.60898,3.45
119,BLR_2012,339,185,1.83243243,51.7022,94.31432,97.8742,49.68014,16.29999,48.67957,3.365
120,BLR_2014,155,72,2.15277778,51.49451,93.58088,98.03812,49.66057,16.01845,48.71401,2.955
121,BLR_2016,160,142,1.12676056,51.8074,96.55176,98.20204,49.69451,15.85116,48.6449,1.9
122,BOL_1992,9,29,0.31034483,48.22648,NA,90.8762,41.0249,NA,47.81984,13.185
123,BOL_1996,2,9,0.22222222,48.5797,NA,90.7326,41.67682,NA,48.36939,13.54
124,BOL_2000,2,5,0.4,58.36515,95.64631,91.00378,42.26301,NA,48.68766,14.225
125,BOL_2004,7,11,0.63636364,58.90426,97.08264,91.45026,43.10184,NA,48.98155,13.905
126,BOL_2008,3,7,0.42857143,58.23505,94.85232,91.99874,43.41468,NA,48.86452,12.045
127,BOL_2012,2,5,0.4,57.05433,89.56757,92.7421,42.29366,NA,48.63333,12.035
128,BOL_2016,6,12,0.5,57.4144,90.34628,93.09682,41.12075,NA,48.53316,13.975
129,BRA_1992,62,249,0.24899598,45.14874,NA,91.6273,35.66891,NA,NA,8.15
130,BRA_1996,501,251,1.99601594,46.66937,NA,91.5845,38.0286,NA,NA,10.395
131,BRA_2000,375,236,1.58898305,47.54288,NA,92.03274,40.29008,NA,47.69871,10.15
132,BRA_2002,2,10,0.2,41.97934,NA,92.3387,41.49273,14.94788,47.73741,13.38
133,BRA_2004,521,318,1.63836478,50.47181,93.51398,92.62766,42.11271,14.14474,47.70676,12.725
134,BRA_2006,3,12,0.25,50.1845,NA,92.91662,42.68189,NA,NA,14.955
135,BRA_2008,921,338,2.72485207,51.79481,97.9007,93.1089,42.79522,14.19614,47.17788,15.59
136,BRA_2010,4,7,0.57142857,48.74135,NA,93.2045,42.54426,NA,47.23665,11.98
137,BRA_2012,566,306,1.8496732,51.33854,97.54642,93.3001,42.34328,14.38979,47.42665,13.025
138,BRA_2014,10,17,0.58823529,51.39208,95.24736,93.51618,42.4492,15.38944,47.88528,13.865
139,BRA_2016,402,583,0.68953688,50.58251,NA,93.73226,42.91527,NA,NA,15.1
140,BRN_2000,2,4,0.5,40.32903,NA,97.42016,40.77349,13.24322,47.37827,2.83
141,BRN_2004,3,10,0.3,42.94079,NA,97.88496,41.15621,13.95153,47.86124,13.85
142,BRN_2008,3,15,0.2,44.05746,NA,98.34786,41.36642,14.18382,47.8892,18.5
143,BRN_2012,19,14,1.35714286,52.93169,96.3067,98.6385,41.97944,15.22326,48.38725,17.055
144,BRN_2016,61,33,1.84848485,51.28548,96.44565,98.90594,42.56841,14.83827,48.43962,6.515
145,CAF_1992,3,21,0.14285714,35.93767,NA,85.5334,45.84303,3.12125,40.06066,5.13
146,CAF_1996,2,5,0.4,45.78948,NA,86.33524,45.95821,NA,NA,5.075
147,CAF_2000,2,3,0.66666667,45.61152,NA,87.05404,46.03552,NA,NA,3.745
148,CAF_2004,2,4,0.5,44.17351,NA,87.77576,45.9127,NA,40.18058,2.825
149,CAF_2008,1,3,0.33333333,46.80104,55.33981,88.3974,45.78433,NA,41.65865,2.825
150,CAF_2012,3,6,0.5,40.96362,60.17263,88.627,45.6022,5.65917,42.9607,2.76
151,CAF_2016,3,6,0.5,45.58635,NA,89.42124,45.27093,NA,43.61322,4.04
152,CAN_1992,936,631,1.48335975,53.42094,97.30131,97.4861,44.59768,17.63732,48.31322,15.19
153,CAN_1994,235,149,1.57718121,52.84257,94.3394,97.6873,44.73176,17.12768,48.35425,14.815
154,CAN_1996,741,408,1.81617647,53.06929,94.42892,97.8885,45.02515,17.20815,48.40504,15.46
155,CAN_1998,740,208,3.55769231,53.79668,98.3882,98.10324,45.40433,16.34506,48.76426,15.775
156,CAN_2000,461,422,1.09241706,52.30808,NA,98.33152,45.70153,NA,48.82928,16.37
157,CAN_2002,904,215,4.20465116,53.14403,NA,98.5598,46.07728,NA,NA,14.795
158,CAN_2004,304,391,0.77749361,52.11748,NA,98.57828,46.44452,NA,48.60714,14.84
159,CAN_2006,1188,305,3.89508197,52.2881,NA,98.59676,46.67085,NA,48.64479,15.24
160,CAN_2008,329,449,0.73273942,52.09637,NA,98.65812,46.79872,NA,48.68863,14.24
161,CAN_2010,1214,308,3.94155844,52.0402,NA,98.76236,47.12796,NA,48.75546,13.515
162,CAN_2012,670,354,1.89265537,51.9866,NA,98.8666,47.20639,NA,48.79842,13.075
163,CAN_2014,1236,359,3.44289694,52.02411,NA,98.94388,47.16164,NA,48.89092,13.1
164,CAN_2016,875,405,2.16049383,52.01456,NA,99.02116,47.15103,NA,48.76606,13.12
165,CHI_1992,3,27,0.11111111,50.61193,NA,98.3386,41.2922,NA,NA,12.205
166,CHI_1996,6,24,0.25,50.98833,NA,98.56564,41.91435,NA,NA,12.485
167,CHI_2000,8,58,0.13793103,51.30999,NA,98.73628,42.99868,NA,NA,12.195
168,CHI_2002,3,11,0.27272727,51.34606,NA,98.8122,43.36099,NA,NA,11.865
169,CHI_2004,8,29,0.27586207,51.29486,NA,98.89084,43.23874,NA,NA,11.755
170,CHI_2006,5,15,0.33333333,51.3138,NA,98.96948,43.41691,NA,NA,11.555
171,CHI_2008,7,29,0.24137931,51.19766,NA,99.04568,43.28729,NA,NA,11.26
172,CHI_2010,5,10,0.5,51.60114,NA,99.11944,43.43899,NA,NA,12.245
173,CHI_2012,18,44,0.40909091,51.45122,NA,99.1932,42.97046,NA,NA,12.19
174,CHI_2014,6,14,0.42857143,51.65753,NA,99.24432,43.28827,NA,NA,12.44
175,CHI_2016,21,47,0.44680851,51.64617,NA,99.29544,43.64806,NA,NA,11.995
176,CHN_1992,1403,468,2.99786325,56.73798,92.07016,98.3692,45.12444,NA,46.48611,1.64
177,CHN_1994,68,43,1.58139535,48.45559,89.64252,98.62528,45.081,8.22751,46.82222,2.335
178,CHN_1996,1703,438,3.88812785,56.49034,88.1048,98.88136,45.05726,NA,47.29827,3.11
179,CHN_1998,203,88,2.30681818,48.68908,NA,99.03912,45.04223,NA,47.62998,3.045
180,CHN_2000,1171,414,2.82850242,49.06867,NA,99.09856,45.05246,NA,NA,3.055
181,CHN_2002,234,108,2.16666667,48.65079,NA,99.158,44.88162,NA,47.34353,3.22
182,CHN_2004,1793,518,3.46138996,49.39703,NA,99.2104,44.6957,NA,NA,4.285
183,CHN_2006,222,146,1.52054795,41.45664,NA,99.2628,44.47796,11.46985,46.7876,5.285
184,CHN_2008,2726,730,3.73424658,41.78567,NA,99.2936,44.25026,12.33901,46.46546,6.58
185,CHN_2010,407,127,3.20472441,42.00349,NA,99.3028,44.01172,12.86619,46.23675,7.6
186,CHN_2012,1814,479,3.78705637,42.28261,NA,99.312,43.94601,13.33091,46.19911,8.625
187,CHN_2014,191,109,1.75229358,49.59566,NA,99.33088,43.8779,NA,46.33884,8.835
188,CHN_2016,1800,499,3.60721443,49.44432,NA,99.34976,43.76953,NA,46.33798,8.32
189,CIV_1992,8,18,0.44444444,41.11221,NA,85.194,33.54603,NA,41.68381,4.025
190,CIV_1996,1,13,0.07692308,42.28652,45.85734,85.97352,34.20932,NA,42.28243,3.11
191,CIV_2000,9,18,0.5,43.31404,47.54813,86.2233,34.96778,NA,42.70601,5.125
192,CIV_2004,3,5,0.6,41.92509,NA,86.21718,36.2781,NA,NA,3.28
193,CIV_2008,2,22,0.09090909,42.84489,NA,86.20076,37.70234,NA,44.10145,3.375
194,CIV_2012,6,10,0.6,43.47676,NA,86.3914,39.25318,NA,45.68745,2.575
195,CIV_2016,18,15,1.2,52.67931,82.96073,86.6614,40.9633,NA,47.1361,5.675
196,CMR_1992,8,12,0.66666667,46.55588,NA,82.2318,46.62225,NA,47.67945,9.69
197,CMR_1996,6,19,0.31578947,46.08378,NA,83.4902,46.56639,NA,45.91354,8.365
198,CMR_2000,11,39,0.28205128,45.80497,NA,84.52288,46.72333,NA,45.74368,6.23
199,CMR_2004,38,19,2,40.71919,NA,85.72996,46.78434,7.85798,45.78869,17.435
200,CMR_2008,36,32,1.125,40.96188,NA,87.03882,46.76436,8.75355,45.87267,16.38
201,CMR_2012,22,32,0.6875,49.38092,88.65876,87.9041,46.78074,10.65819,46.35875,15.925
202,CMR_2016,17,22,0.77272727,57.7366,91.01803,89.11682,46.93785,NA,47.00528,14.605
203,COD_1992,2,19,0.10526316,49.69822,53.13017,87.2895,51.11447,NA,42.99695,13.96
204,COD_1996,12,14,0.85714286,50.17261,NA,87.52942,50.61342,NA,NA,12.375
205,COD_2000,2,3,0.66666667,51.56371,NA,87.45524,50.26089,NA,NA,16.975
206,COD_2004,1,6,0.16666667,49.08901,NA,87.18868,50.06835,NA,NA,10.01
207,COD_2008,1,5,0.2,39.97807,NA,86.95152,49.93552,7.40223,45.46108,10.14
208,COD_2012,1,4,0.25,40.28972,NA,87.0656,49.82358,8.15687,46.57256,9.83
209,COD_2016,2,4,0.5,49.59455,NA,87.47552,49.84811,NA,NA,11.46
210,COL_1992,12,61,0.19672131,45.41972,NA,91.7298,29.21552,NA,50.42858,10.305
211,COL_1996,15,62,0.24193548,38.91177,NA,91.68284,32.0943,10.63312,48.94359,11.205
212,COL_2000,53,54,0.98148148,49.37626,97.52538,91.4893,35.29025,11.67448,48.91316,11.365
213,COL_2004,46,71,0.64788732,50.68799,97.62452,92.27346,38.19675,12.56437,48.66881,14.8
214,COL_2008,42,90,0.46666667,51.17328,96.37316,93.75206,40.76135,14.1326,48.83549,13.185
215,COL_2010,2,2,1,51.76135,97.04088,93.99318,41.79728,14.61574,48.50103,14.62
216,COL_2012,130,120,1.08333333,51.51812,94.31591,94.2343,42.44634,14.39599,48.0962,15.62
217,COL_2016,162,157,1.03184713,51.27165,93.91684,95.0503,42.8485,14.85445,48.20983,12.75
218,COM_1996,1,4,0.25,49.45306,NA,89.9207,37.30347,NA,NA,21.135
219,COM_2000,1,2,0.5,51.46501,62.13601,90.51066,38.47097,NA,45.36239,20.845
220,COM_2004,1,3,0.33333333,49.96467,NA,91.28762,39.60742,NA,46.16363,22.8
221,COM_2008,1,3,0.33333333,50.69654,NA,92.14972,40.43211,NA,47.10435,23.1
222,COM_2012,2,3,0.66666667,51.64487,NA,92.5554,41.02921,NA,NA,21.35
223,COM_2016,2,4,0.5,52.60387,NA,93.283,41.51361,NA,NA,23.015
224,CPV_1996,1,3,0.33333333,44.48107,NA,89.35762,37.22558,NA,NA,6.86
225,CPV_2000,1,2,0.5,45.64787,NA,89.80956,37.96235,NA,49.01458,5.805
226,CPV_2004,1,3,0.33333333,48.49626,95.68662,90.27224,38.56114,11.55325,48.60932,6.295
227,CPV_2008,1,2,0.5,47.57937,89.28531,90.88938,39.16533,12.43526,48.19591,5.505
228,CPV_2012,2,3,0.66666667,47.55509,86.19635,92.1349,39.9446,12.70486,47.70481,6.645
229,CPV_2016,3,5,0.6,47.59414,85.57316,92.52626,41.2515,12.21486,47.90909,6.09
230,CUB_1992,460,196,2.34693878,64.83169,94.58432,93.0796,34.26887,12.5838,48.48854,105.985
231,CUB_1996,444,178,2.49438202,63.43639,98.96019,93.0644,33.59139,11.90571,47.99167,95.105
232,CUB_2000,448,271,1.65313653,54.66348,97.72416,94.2798,34.32218,12.38158,47.73819,41.535
233,CUB_2004,329,177,1.85875706,55.19818,94.28912,95.15408,35.426,14.88666,47.65324,43.78
234,CUB_2008,202,171,1.18128655,56.87549,97.4011,95.18602,38.10413,18.92572,48.04095,43.595
235,CUB_2012,115,118,0.97457627,55.97893,99.6673,94.9449,38.43901,15.56307,48.14428,39.115
236,CYP_1992,6,30,0.2,46.1859,77.19921,97.5668,39.15781,9.51793,48.08365,5.59
237,CYP_1994,1,1,1,50.16765,96.77906,98.01792,39.6595,12.49374,48.33069,5.725
238,CYP_1996,4,24,0.16666667,49.99772,95.85717,98.46904,39.37753,12.79965,48.13795,5.345
239,CYP_2000,5,24,0.20833333,51.232,98.40497,99.04428,40.73369,12.60207,48.502,8.105
240,CYP_2004,7,21,0.33333333,51.85225,98.69436,99.30904,42.06382,13.55107,48.75022,8.745
241,CYP_2008,11,18,0.61111111,51.91965,98.66976,99.38198,43.89805,14.09547,48.75262,6.72
242,CYP_2010,2,4,0.5,52.27735,99.46481,99.43294,45.34632,13.7746,48.58045,7.065
243,CYP_2012,4,13,0.30769231,52.10383,98.3456,99.4839,45.0531,14.03365,48.58675,7.12
244,CYP_2016,7,21,0.33333333,49.85171,NA,99.53022,46.40491,NA,NA,3.62
245,CZE_1994,37,117,0.31623932,42.59308,NA,96.8721,44.46458,12.43113,48.78261,10.415
246,CZE_1996,153,169,0.90532544,43.24768,NA,97.8531,44.04153,13.15717,48.49161,12.695
247,CZE_1998,64,119,0.53781513,43.21944,NA,98.44768,44.33378,13.45597,48.63479,11.225
248,CZE_2000,80,162,0.49382716,43.34629,NA,98.65584,44.55109,13.93367,48.56083,11.03
249,CZE_2002,92,163,0.56441718,43.35594,NA,98.864,44.29136,14.71104,48.3533,10.56
250,CZE_2004,132,171,0.77192982,43.35041,NA,98.87372,44.36132,14.73475,48.33728,10.445
251,CZE_2006,101,170,0.59411765,43.56208,NA,98.88344,44.09462,15.28891,48.43841,11.105
252,CZE_2008,148,158,0.93670886,43.22488,NA,98.8897,43.42024,15.87101,48.44846,9.495
253,CZE_2010,128,172,0.74418605,43.2495,NA,98.8925,43.27877,16.53405,48.52716,9.015
254,CZE_2012,192,159,1.20754717,43.37974,NA,98.8953,43.73847,16.61238,48.63755,9.015
255,CZE_2014,198,179,1.10614525,43.47859,NA,98.93738,43.94797,17.50109,48.68149,8.325
256,CZE_2016,101,135,0.74814815,50.50593,NA,98.97946,44.36832,NA,NA,8.17
257,DJI_2000,1,2,0.5,34.76284,23.37025,96.6901,37.36607,2.46501,41.91563,6.77
258,DJI_2008,1,2,0.5,39.7074,44.06901,97.5408,39.52921,4.60417,46.51122,5.99
259,DJI_2012,2,4,0.5,47.8862,NA,97.8288,40.70754,NA,46.75847,6.25
260,DJI_2016,1,8,0.125,48.37264,49.41255,98.05848,41.91297,NA,46.4092,6.07
261,DMA_2000,2,4,0.5,48.30984,NA,NA,NA,NA,48.30984,NA
262,DMA_2012,1,2,0.5,48.6002,NA,NA,NA,NA,48.6002,NA
263,DOM_1992,2,32,0.0625,43.67209,NA,88.5703,34.59597,NA,NA,7.85
264,DOM_1996,4,16,0.25,44.75915,NA,88.83414,35.6033,NA,NA,9.84
265,DOM_2000,2,13,0.15384615,53.79395,85.34359,88.9841,37.03507,NA,48.38198,9.225
266,DOM_2004,16,33,0.48484848,54.61644,83.43636,89.07602,37.45011,NA,47.8447,15.275
267,DOM_2008,8,27,0.2962963,55.08736,85.92203,89.29144,38.40524,NA,47.42311,14.395
268,DOM_2012,21,36,0.58333333,48.2562,88.34422,89.9376,40.09494,13.62741,46.62805,10.905
269,DOM_2016,8,30,0.26666667,48.62897,87.85881,90.38984,41.21676,14.49815,47.13026,10.68
270,ECU_1992,8,15,0.53333333,50.53397,NA,91.4502,36.56671,NA,NA,23.585
271,ECU_1996,2,28,0.07142857,59.26313,94.11898,91.54492,37.61354,NA,48.98323,24.055
272,ECU_2000,3,11,0.27272727,57.97077,97.5082,91.67672,39.1308,NA,49.00811,12.53
273,ECU_2004,6,18,0.33333333,51.30737,NA,91.72884,40.19749,NA,49.01815,24.285
274,ECU_2008,8,26,0.30769231,47.58997,NA,91.81262,39.6923,NA,NA,11.265
275,ECU_2012,13,36,0.36111111,41.41061,NA,92.2675,39.05087,15.64144,49.03322,11.06
276,ECU_2016,16,40,0.4,58.41754,99.17018,92.54014,41.10269,NA,49.03968,10.235
277,EGY_1992,6,83,0.07228916,45.79417,NA,92.0146,23.19268,NA,44.98439,22.985
278,EGY_1996,4,33,0.12121212,45.42513,NA,93.82612,22.20343,NA,41.99095,23.68
279,EGY_2000,18,103,0.17475728,53.89032,83.72053,94.56256,21.70639,NA,46.9071,22.555
280,EGY_2004,16,104,0.15384615,48.43035,92.13483,94.9024,21.45252,10.71966,47.87272,23.5
281,EGY_2008,34,116,0.29310345,46.32258,NA,95.01,23.52273,NA,NA,20.435
282,EGY_2012,45,132,0.34090909,48.11317,97.09499,94.5356,22.52583,12.24989,48.1877,14.085
283,EGY_2016,64,137,0.46715328,48.32088,99.18025,94.90376,22.99826,13.05714,48.51585,11.27
284,ERI_2000,1,3,0.33333333,38.33367,36.29542,91.1405,46.074,4.0043,44.92281,7.565
285,ERI_2004,1,5,0.2,41.21908,50.672,92.01374,46.81214,4.81238,44.17422,8.83
286,ERI_2008,2,11,0.18181818,48.40821,44.44108,92.69348,46.90811,NA,44.83336,13.165
287,ERI_2012,1,12,0.08333333,47.05221,43.13514,93.899,NA,NA,44.82969,6.345
288,ERI_2016,1,12,0.08333333,50.95296,NA,94.65092,NA,NA,NA,7.255
289,ESP_1992,831,582,1.42783505,51.37956,99.50511,99.0321,35.78892,14.85334,48.30287,10.795
290,ESP_1994,10,33,0.3030303,42.44886,NA,99.09702,37.25124,15.67781,48.16825,12.05
291,ESP_1996,435,384,1.1328125,42.93708,NA,99.16194,38.08996,16.1593,48.15419,13.12
292,ESP_1998,6,24,0.25,43.33994,NA,99.1501,38.5705,16.0143,48.30978,14.655
293,ESP_2000,204,431,0.47331787,53.30468,99.98488,99.0615,39.44114,16.08879,48.36175,16.89
294,ESP_2002,6,16,0.375,53.14865,99.94094,98.9729,39.97133,16.02404,48.34768,15.635
295,ESP_2004,316,423,0.74704492,53.35684,99.82548,98.89502,41.01592,16.23426,48.36035,15.81
296,ESP_2006,16,28,0.57142857,53.56557,99.62566,98.81714,41.97953,16.41553,48.28057,16.275
297,ESP_2008,383,355,1.07887324,53.99311,99.9313,98.8426,42.96656,16.75485,48.38338,17.08
298,ESP_2010,15,35,0.42857143,54.37387,99.83978,98.9714,44.25417,17.25985,48.45301,17.465
299,ESP_2012,800,339,2.35988201,54.58744,99.86302,99.1002,45.36768,17.78694,48.42678,16.98
300,ESP_2014,11,39,0.28205128,54.65183,98.71081,99.1162,45.90016,17.97741,48.82143,17.385
301,ESP_2016,648,363,1.78512397,54.66618,98.60074,99.1322,46.25219,18.23161,48.78532,16.995
302,EST_1992,49,97,0.50515464,41.79141,NA,95.2911,47.38995,13.01796,48.51805,4.74
303,EST_1994,29,67,0.43283582,41.91756,NA,95.95994,47.65661,12.93946,48.55677,4.475
304,EST_1996,12,52,0.23076923,50.16627,89.90886,96.62878,48.04353,13.66367,48.33278,4.42
305,EST_1998,13,48,0.27083333,43.05484,NA,97.10018,47.79542,14.7718,48.08681,7.52
306,EST_2000,3,41,0.07317073,53.19508,99.97796,97.37414,48.55503,15.81199,47.89637,9.555
307,EST_2002,10,51,0.19607843,43.36671,NA,97.6481,48.74869,16.70009,47.75169,5.985
308,EST_2004,12,45,0.26666667,52.83105,97.12825,97.68634,49.13646,17.01539,47.88486,8.135
309,EST_2006,82,63,1.3015873,52.26063,95.78034,97.72458,49.14143,17.2157,48.02674,5.675
310,EST_2008,17,53,0.32075472,52.66621,96.17617,97.87234,48.62674,17.25813,48.22388,7.84
311,EST_2010,46,64,0.71875,53.12114,98.60802,98.12962,49.35897,17.40803,48.27222,6.95
312,EST_2012,11,36,0.30555556,53.33832,99.81295,98.3869,48.99579,17.40639,48.62288,6.805
313,EST_2014,20,66,0.3030303,52.33429,94.57792,98.52714,48.33937,17.01501,48.54627,7
314,EST_2016,21,49,0.42857143,52.77403,NA,98.66738,48.5047,NA,NA,11.15
315,ETH_1992,35,24,1.45833333,45.51878,NA,88.2326,43.01141,NA,41.83112,9
316,ETH_1996,47,19,2.47368421,31.91002,20.21528,88.24364,43.88338,2.14881,36.04404,0.925
317,ETH_2000,69,27,2.55555556,35.36313,34.10235,88.98608,45.26404,3.34883,39.20249,1.275
318,ETH_2004,78,27,2.88888889,38.81424,46.30828,90.34468,46.68174,4.74872,43.48199,1.32
319,ETH_2008,81,29,2.79310345,44.64617,74.17635,91.8255,46.9728,7.35292,46.91942,0.63
320,ETH_2012,121,34,3.55882353,45.50726,77.32923,92.5559,46.90391,7.93366,47.62088,0.7
321,ETH_2016,96,38,2.52631579,47.25765,NA,93.51446,47.26848,NA,NA,0.99
322,FIN_1992,120,244,0.49180328,44.47534,NA,98.862,47.0258,16.66207,48.79181,11.035
323,FIN_1994,50,112,0.44642857,53.68317,98.70792,98.93864,46.90656,17.04815,48.79276,11.705
324,FIN_1996,74,105,0.7047619,53.49917,98.66977,99.01528,47.86064,17.41331,48.89104,9.145
325,FIN_1998,228,132,1.72727273,53.70752,99.34172,99.03106,47.36327,17.74515,48.79893,9.965
326,FIN_2000,37,88,0.42045455,45.01273,NA,98.98598,47.57733,18.41356,48.78177,11.305
327,FIN_2002,63,165,0.38181818,54.10227,99.42241,98.9409,47.85585,18.9032,48.85129,10.64
328,FIN_2004,23,67,0.34328358,53.7233,97.66077,98.9953,47.91953,17.55835,48.83588,11.37
329,FIN_2006,84,140,0.6,53.62471,97.03303,99.0497,48.1362,17.71944,48.93988,10.87
330,FIN_2008,99,70,1.41428571,53.5179,97.86221,99.11306,47.98572,17.67995,48.76148,9.705
331,FIN_2010,269,146,1.84246575,53.7458,98.35307,99.18538,48.05148,17.54057,48.74431,10.6
332,FIN_2012,83,69,1.20289855,53.69235,99.0844,99.2577,48.07038,17.65748,48.67917,9.405
333,FIN_2014,185,147,1.2585034,54.318,99.61287,99.28386,48.27127,20.08853,48.80148,9.85
334,FIN_2016,42,67,0.62686567,54.26998,99.22887,99.31002,48.04923,20.12257,48.80921,10.1
335,FRA_1992,493,670,0.7358209,52.84011,99.62882,98.9011,43.50069,15.08047,48.42456,11.505
336,FRA_1994,118,169,0.69822485,52.66967,97.77786,98.94834,44.21784,15.80867,48.33529,10.93
337,FRA_1996,571,453,1.26048565,53.14609,99.70168,98.99558,44.62597,15.98606,48.45222,11.115
338,FRA_1998,101,159,0.63522013,43.90217,NA,98.99994,44.79974,15.88621,48.58497,11.24
339,FRA_2000,401,470,0.85319149,53.10253,99.80711,98.96142,45.04132,15.83127,48.57904,10.395
340,FRA_2002,193,176,1.09659091,52.96435,99.76151,98.9229,45.04662,15.6957,48.59939,9.76
341,FRA_2004,493,461,1.06941432,53.25874,99.31258,98.95262,45.59603,15.88852,48.62269,11.18
342,FRA_2006,143,159,0.89937107,53.3101,99.21395,98.98234,46.02805,16.55864,48.47259,10.605
343,FRA_2008,312,448,0.69642857,53.74082,99.28352,99.00898,46.34648,16.48965,48.47626,12.84
344,FRA_2010,193,196,0.98469388,53.44781,99.47458,99.03254,46.50564,16.57658,48.52751,10.57
345,FRA_2012,692,426,1.62441315,53.62025,99.46719,99.0561,46.58769,16.63251,48.82799,11.15
346,FRA_2014,111,201,0.55223881,53.55545,99.6526,99.08794,46.84039,16.74433,48.73742,10.27
347,FRA_2016,769,512,1.50195312,52.51239,NA,99.11978,46.91239,NA,NA,11.505
348,GAB_1992,1,5,0.2,43.23136,NA,81.8607,39.84473,NA,49.61,1.61
349,GAB_1996,1,9,0.11111111,43.66112,NA,83.46886,39.74159,NA,49.62404,1.81
350,GAB_2000,2,6,0.33333333,44.67939,NA,85.24082,39.58236,NA,NA,9.215
351,GAB_2004,2,5,0.4,44.75065,NA,86.74266,39.8793,NA,NA,7.63
352,GAB_2008,2,4,0.5,45.62085,NA,87.87608,39.58646,NA,NA,9.4
353,GAB_2012,2,21,0.0952381,45.53972,NA,88.8784,39.62576,NA,NA,8.115
354,GAB_2016,2,6,0.33333333,45.33849,NA,90.1516,39.95887,NA,NA,5.905
355,GBR_1992,448,602,0.74418605,51.62369,96.76554,96.9487,43.64411,14.35709,48.90668,9.12
356,GBR_1994,18,51,0.35294118,50.03123,NA,96.95654,44.19715,NA,NA,8.94
357,GBR_1996,168,391,0.42966752,49.9485,NA,96.96438,44.58112,NA,NA,8.3
358,GBR_1998,7,45,0.15555556,52.46613,99.84652,97.04258,44.91646,15.69167,48.81455,8.485
359,GBR_2000,448,415,1.07951807,52.65227,99.98323,97.19114,45.21082,16.37019,48.79821,8.36
360,GBR_2002,180,70,2.57142857,52.67616,99.81726,97.3397,45.58451,16.4488,48.78171,8.085
361,GBR_2004,562,360,1.56111111,52.78176,99.39468,97.38282,45.64581,17.03946,48.7728,8.455
362,GBR_2006,41,54,0.75925926,52.69436,99.81018,97.42594,45.72525,16.60931,48.91547,7.68
363,GBR_2008,730,420,1.73809524,52.3689,98.85604,97.60312,45.67749,16.4444,48.73238,6.9
364,GBR_2010,59,78,0.75641026,52.51747,98.35587,97.91436,46.01869,16.78802,48.66789,7.36
365,GBR_2012,1244,684,1.81871345,52.50758,98.61216,98.2256,46.1087,16.12521,48.80879,7.165
366,GBR_2014,105,78,1.34615385,43.84439,NA,98.43544,46.40047,18.36312,48.79292,7.23
367,GBR_2016,1539,478,3.21966527,50.72852,NA,98.64528,46.51528,NA,NA,7.025
368,GEO_1996,9,42,0.21428571,47.76994,83.24985,93.77806,47.63595,11.01317,49.06259,1.88
369,GEO_1998,1,6,0.16666667,48.02707,NA,94.18946,47.23789,NA,48.75092,1.93
370,GEO_2000,14,47,0.29787234,40.63385,NA,94.67718,46.24656,11.61221,48.71829,1.915
371,GEO_2002,2,6,0.33333333,41.17319,NA,95.1649,46.65322,11.66614,49.61671,2.765
372,GEO_2004,7,39,0.17948718,48.29041,85.36003,95.0687,47.11432,11.86109,48.24331,2.095
373,GEO_2006,1,4,0.25,49.07779,88.44522,94.9725,46.58117,12.26435,48.83848,3.365
374,GEO_2008,18,38,0.47368421,49.7598,94.93183,94.90656,45.98713,12.16824,47.03002,3.535
375,GEO_2010,4,9,0.44444444,47.72714,NA,94.87088,46.34535,NA,47.06731,2.625
376,GEO_2012,8,36,0.22222222,57.6334,97.59214,94.8352,45.76498,NA,46.66469,3.31
377,GEO_2014,3,7,0.42857143,40.94654,NA,95.065,45.69137,14.53758,46.82875,2.61
378,GEO_2016,14,45,0.31111111,41.55263,NA,95.2948,45.63809,15.31938,47.30088,4.21
379,GHA_1992,4,41,0.09756098,50.23676,NA,89.6162,47.59016,NA,45.6557,18.085
380,GHA_1996,2,40,0.05,53.53318,NA,90.66628,48.21325,NA,NA,21.72
381,GHA_2000,9,28,0.32142857,47.54057,64.76047,91.60362,48.59468,7.41288,47.1668,25.705
382,GHA_2004,3,29,0.10344828,43.83434,NA,92.28222,49.11105,7.56256,47.42586,22.79
383,GHA_2008,1,9,0.11111111,49.48077,75.12742,92.66472,49.74766,9.73359,48.55621,21.055
384,GHA_2012,2,7,0.28571429,45.61581,NA,92.8224,49.76996,10.85981,48.91687,25.71
385,GHA_2016,8,15,0.53333333,53.93814,87.55431,93.2356,49.58725,11.45009,49.28661,32.515
386,GUM_1992,9,45,0.2,47.48189,NA,92.2476,37.84306,NA,NA,12.355
387,GUM_1996,2,9,0.22222222,48.15129,NA,92.85952,39.35434,NA,NA,12.24
388,GUM_2000,2,7,0.28571429,49.48547,NA,93.76574,40.53566,NA,NA,14.155
389,GUM_2004,1,4,0.25,49.49422,NA,94.67514,40.64251,NA,NA,13.165
390,GUM_2008,2,7,0.28571429,50.11913,NA,95.46394,40.67345,NA,NA,14.22
391,GUM_2012,3,8,0.375,50.87359,NA,96.1757,40.63007,NA,NA,15.815
392,GUM_2016,2,5,0.4,50.75586,NA,96.6981,40.49947,NA,NA,15.07
393,GUY_1992,1,7,0.14285714,55.3685,88.86849,91.1186,33.16943,NA,49.136,14.55
394,GUY_1996,1,9,0.11111111,54.82725,87.83213,90.8094,33.00645,NA,49.10825,13.38
395,GUY_2000,1,4,0.25,46.29722,NA,90.28204,31.56838,NA,48.60847,14.73
396,GUY_2004,2,4,0.5,45.47897,NA,90.28604,30.86086,NA,NA,15.29
397,GUY_2008,2,4,0.5,49.59503,97.52312,90.7917,32.43118,10.92456,48.78462,17.115
398,GUY_2012,2,6,0.33333333,49.70512,96.70199,90.9901,34.21367,11.74881,49.18614,15.39
399,GUY_2016,4,7,0.57142857,47.02047,NA,91.33306,35.15334,NA,NA,14.575
400,HKG_1992,15,66,0.22727273,48.63662,NA,99.3503,37.29955,NA,NA,9.26
401,HKG_1996,40,32,1.25,57.76536,93.14868,99.44382,38.96397,NA,48.36034,8.91
402,HKG_2000,19,46,0.41304348,49.30962,NA,99.56344,41.6277,NA,47.72233,8.325
403,HKG_2002,5,5,1,50.30196,NA,99.6276,43.47505,NA,48.05519,10.05
404,HKG_2004,23,42,0.54761905,50.3818,NA,99.65636,44.18872,NA,48.06212,9.62
405,HKG_2006,3,3,1,50.53627,NA,99.68512,45.23731,NA,47.97763,9.245
406,HKG_2008,25,47,0.53191489,50.53896,NA,99.69918,46.37879,NA,47.84286,8.235
407,HKG_2010,3,3,1,50.4868,NA,99.69854,46.72324,NA,47.86042,7.665
408,HKG_2012,38,55,0.69090909,52.82318,98.91941,99.6979,47.78419,15.48624,47.91636,7.135
409,HKG_2016,30,47,0.63829787,52.84834,97.3695,99.72318,48.81678,16.3225,47.9031,6.955
410,HUN_1992,445,413,1.07748184,41.55537,NA,96.3463,45.45109,11.23532,48.70412,6.04
411,HUN_1994,20,28,0.71428571,41.61335,NA,96.78414,44.85727,12.41589,48.55945,5.45
412,HUN_1996,350,315,1.11111111,47.53957,77.3068,97.22198,43.70069,12.82016,48.48276,5.705
413,HUN_1998,14,24,0.58333333,51.48379,96.12332,97.53236,44.32485,13.66982,48.47236,8.78
414,HUN_2000,579,238,2.43277311,52.83196,96.68444,97.71528,44.60691,14.46217,48.43796,15.085
415,HUN_2002,20,46,0.43478261,53.32931,97.23796,97.8982,44.86541,15.22504,48.44925,16.3
416,HUN_2004,382,258,1.48062016,53.56697,95.63888,97.95716,45.28331,15.37887,48.44361,18.7
417,HUN_2006,14,32,0.4375,53.52392,96.96322,98.01612,45.50367,15.82287,48.28764,16.55
418,HUN_2008,246,216,1.13888889,53.27226,97.08782,98.03018,45.4543,15.75295,48.31831,14.99
419,HUN_2010,21,32,0.65625,53.82418,97.71169,97.99934,46.14721,15.64893,48.41289,17.025
420,HUN_2012,318,201,1.58208955,53.37629,96.57246,97.9685,46.2027,15.55308,48.411,15.55
421,HUN_2014,22,37,0.59459459,53.28817,96.40835,97.99398,45.85362,15.81027,48.4128,15.25
422,HUN_2016,446,204,2.18627451,53.41644,96.98892,98.01946,45.67381,15.39474,48.62169,15.8
423,IND_1992,7,65,0.10769231,41.01223,NA,90.6024,28.1051,NA,41.70143,3.64
424,IND_1996,9,54,0.16666667,34.50547,NA,91.97216,28.24328,6.94578,43.17114,2.195
425,IND_2000,32,70,0.45714286,41.77442,76.65289,93.3163,27.88836,7.25667,43.57728,1.955
426,IND_2004,30,81,0.37037037,41.81684,NA,94.6081,29.14241,NA,NA,1.7
427,IND_2006,2,5,0.4,41.9671,NA,95.2321,28.57421,NA,NA,2.095
428,IND_2008,29,67,0.43283582,54.03282,97.65325,95.82766,26.80581,NA,47.59237,2.285
429,IND_2012,47,95,0.49473684,53.84741,97.71529,96.9619,24.09779,NA,48.06707,2.395
430,IND_2016,90,130,0.69230769,37.76587,NA,97.54646,24.69325,12.8747,51.11492,2.6
431,IRL_1992,15,81,0.18518519,49.15674,87.30382,98.4002,35.65462,12.4612,48.7056,12.415
432,IRL_1996,118,99,1.19191919,49.85504,88.27832,98.16004,38.54726,13.3892,48.6354,12.12
433,IRL_2000,50,76,0.65789474,43.56692,NA,98.09988,40.70092,16.89514,48.49368,13.645
434,IRL_2002,2,9,0.22222222,43.57294,NA,98.0998,41.50763,17.39764,48.53962,12.32
435,IRL_2004,18,55,0.32727273,43.87885,NA,98.20956,41.59275,17.75722,48.47973,13.355
436,IRL_2006,2,5,0.4,43.62318,NA,98.31932,42.40728,17.83907,48.48523,11.065
437,IRL_2008,19,63,0.3015873,44.04406,NA,98.4588,43.20997,18.10167,48.74487,11.705
438,IRL_2010,4,7,0.57142857,53.64654,99.98936,98.628,44.07171,18.57918,48.81102,11.8
439,IRL_2012,63,76,0.82894737,53.64259,99.81672,98.7972,44.35815,18.5376,48.82589,11.52
440,IRL_2014,2,8,0.25,53.69235,99.61701,98.89184,44.45772,19.18841,48.76909,11.23
441,IRL_2016,50,93,0.53763441,51.16027,NA,98.98648,44.86292,NA,48.7217,12.07
442,IRQ_2000,2,4,0.5,42.0213,82.05639,93.44718,12.62686,7.43023,43.98716,12.58
443,IRQ_2004,1,24,0.04166667,41.75656,86.69343,92.90202,16.48836,8.74165,44.3039,1.41
444,IRQ_2008,1,4,0.25,39.87258,NA,92.1549,19.22783,NA,NA,8.235
445,IRQ_2012,3,8,0.375,39.51401,NA,92.1549,19.73213,NA,NA,6.655
446,ISL_1992,7,46,0.15217391,53.71399,NA,97.4499,45.81208,NA,NA,17.88
447,ISL_1994,3,14,0.21428571,54.35335,97.32543,97.52918,46.75731,15.92055,48.77762,19.81
448,ISL_1996,4,15,0.26666667,54.60067,98.44095,97.60846,46.28031,16.15689,48.87239,20.245
449,ISL_1998,6,12,0.5,54.3958,99.19494,97.77348,46.37637,17.24426,48.55075,17.235
450,ISL_2000,21,29,0.72413793,46.40562,NA,98.02424,47.28576,17.84237,48.30573,20.57
451,ISL_2002,5,12,0.41666667,44.88949,NA,98.275,46.93373,18.58866,48.56507,12.085
452,ISL_2004,6,34,0.17647059,53.55862,95.4928,98.393,46.92125,19.0307,48.35399,13.16
453,ISL_2006,4,12,0.33333333,53.74891,96.88257,98.511,46.70489,19.47242,48.62759,12.295
454,ISL_2008,9,31,0.29032258,54.26718,99.60035,98.6688,46.51053,19.70008,49.09334,12.03
455,ISL_2010,2,7,0.28571429,54.32995,99.58291,98.8664,46.95906,19.76332,49.28301,11.525
456,ISL_2012,12,36,0.33333333,54.32646,98.45287,99.064,47.52754,19.93921,49.35516,11.62
457,ISL_2014,5,11,0.45454545,53.57785,97.7809,99.1662,47.29704,20.82859,48.89937,7.495
458,ISL_2016,10,14,0.71428571,52.36607,NA,99.2684,47.0998,NA,NA,10.73
459,ISR_1992,28,44,0.63636364,48.60267,NA,98.0658,41.06516,NA,48.93973,6.34
460,ISR_1996,10,38,0.26315789,49.08875,NA,98.20092,42.99533,NA,NA,6.07
461,ISR_1998,1,3,0.33333333,49.4432,NA,98.26672,43.59289,NA,NA,6.47
462,ISR_2000,13,58,0.22413793,52.02199,97.6351,98.33076,44.79488,15.54962,48.5516,7.27
463,ISR_2002,5,7,0.71428571,52.35584,98.07495,98.3948,45.19726,16.42763,48.66538,7.375
464,ISR_2004,19,46,0.41304348,52.65731,97.91503,98.47536,45.73675,16.17607,48.72566,8.915
465,ISR_2006,2,6,0.33333333,52.38095,97.53128,98.55592,45.85685,15.99395,48.86269,7.485
466,ISR_2008,25,60,0.41666667,52.6234,97.68406,98.6461,45.81142,16.01223,48.82157,8.765
467,ISR_2010,1,4,0.25,59.88728,97.771,98.7459,46.43188,NA,48.78763,7.7
468,ISR_2012,23,56,0.41071429,52.83785,97.98551,98.8457,46.73223,16.43258,48.8111,8.22
469,ISR_2014,1,6,0.16666667,52.70229,97.36097,98.93878,47.05312,16.48955,48.77132,7.6
470,ISR_2016,40,59,0.6779661,52.70659,97.61392,99.03186,47.17704,16.51403,48.8577,7.045
471,ITA_1992,473,611,0.77414075,47.82104,NA,99.2257,36.27071,13.23881,48.59999,41.77
472,ITA_1994,278,193,1.44041451,47.59506,NA,99.2783,36.4976,14.10576,49.56363,38.53
473,ITA_1996,459,460,0.99782609,56.48091,97.73163,99.3309,37.19443,14.36345,48.32003,41.945
474,ITA_1998,162,179,0.90502793,47.74161,NA,99.3458,37.72695,15.01838,48.32691,38.29
475,ITA_2000,457,457,1,57.17551,99.72155,99.323,38.50619,15.02818,48.62412,41.85
476,ITA_2002,251,198,1.26767677,56.55156,99.45896,99.3002,39.1681,15.61221,48.1449,37.625
477,ITA_2004,784,474,1.65400844,54.06735,99.17955,99.30388,39.98388,16.18676,48.44501,21.305
478,ITA_2006,207,290,0.7137931,53.85959,98.73757,99.30756,40.20042,16.59141,48.31557,20.005
479,ITA_2008,419,459,0.91285403,53.83565,98.53774,99.3199,40.67746,16.79011,48.32371,19.365
480,ITA_2010,89,208,0.42788462,53.74421,98.83545,99.3409,40.8638,16.84064,48.38446,18.2
481,ITA_2012,444,382,1.16230366,54.08329,98.95208,99.3619,41.68474,16.93032,48.38069,19.19
482,ITA_2014,187,227,0.82378855,54.06343,99.06534,99.37314,42.07712,16.65073,48.40925,18.805
483,ITA_2016,613,399,1.53634085,53.84312,NA,99.38438,41.97497,NA,NA,20.17
484,JAM_1992,71,59,1.20338983,46.39433,NA,90.2345,45.15848,NA,NA,3.79
485,JAM_1996,153,69,2.2173913,47.54427,NA,90.5461,44.6067,NA,NA,7.48
486,JAM_2000,320,65,4.92307692,49.20076,92.94581,91.21074,42.61636,11.06797,49.17867,8.185
487,JAM_2004,263,62,4.24193548,57.08534,92.83075,92.00002,43.06176,NA,48.93415,8.6
488,JAM_2008,234,66,3.54545455,48.90592,NA,92.86268,43.23219,NA,48.8638,10.665
489,JAM_2012,249,62,4.01612903,49.34356,NA,93.9246,42.92942,NA,49.04523,11.475
490,JAM_2016,347,77,4.50649351,49.37949,NA,94.56436,43.0914,NA,48.76222,11.1
491,JOR_1992,1,5,0.2,34.98653,NA,95.185,12.93207,11.86284,48.64272,6.31
492,JOR_1996,2,5,0.4,36.10348,NA,95.81716,13.74469,11.73596,48.87957,10.34
493,JOR_2000,4,8,0.5,45.77247,93.00556,96.40174,14.47003,12.23573,48.84175,9.68
494,JOR_2004,4,8,0.5,46.37838,97.24145,96.85726,14.1693,13.12108,48.92122,7.96
495,JOR_2008,4,7,0.57142857,43.33653,NA,97.15782,17.17726,NA,48.99604,10.015
496,JOR_2012,4,9,0.44444444,42.99881,NA,97.3331,18.07406,NA,48.52306,8.065
497,JOR_2016,1,8,0.125,43.03,NA,97.6715,17.5326,NA,49.02589,7.89
498,JPN_1992,357,528,0.67613636,50.74873,99.22129,99.6251,40.49686,13.06651,48.82762,3.255
499,JPN_1994,45,125,0.36,50.92209,99.7614,99.60094,40.30488,13.72971,48.80561,3.33
500,JPN_1996,421,448,0.93973214,48.01102,NA,99.57678,40.26677,NA,48.83554,3.365
501,JPN_1998,140,245,0.57142857,50.70753,98.25311,99.53858,40.48001,13.9454,48.7781,3.25
502,JPN_2000,818,363,2.25344353,50.70323,97.95495,99.48634,40.36359,14.12523,48.76428,3.525
503,JPN_2002,97,203,0.47783251,50.998,98.93394,99.4341,40.51463,14.3001,48.78023,4.025
504,JPN_2004,865,414,2.08937198,41.53212,NA,99.4559,40.85658,14.44683,48.78129,4.12
505,JPN_2006,116,190,0.61052632,41.60926,NA,99.4777,41.11118,14.62452,48.80791,4.025
506,JPN_2008,867,457,1.89715536,41.63501,NA,99.5013,41.24906,14.70052,48.77917,3.945
507,JPN_2010,148,153,0.96732026,51.48795,99.56011,99.5267,41.73713,14.90241,48.75134,4.45
508,JPN_2012,1017,399,2.54887218,51.48506,99.17324,99.5521,41.9339,15.10942,48.73673,4.405
509,JPN_2014,124,171,0.7251462,51.50638,98.50649,99.56814,42.60031,15.13726,48.75605,4.47
510,JPN_2016,640,436,1.46788991,48.96123,NA,99.58418,43.1245,NA,NA,4.175
511,KAZ_1994,28,71,0.3943662,48.62287,NA,95.0925,48.06582,NA,49.45317,1.88
512,KAZ_1996,36,142,0.25352113,48.46325,NA,95.5583,48.29822,NA,49.27146,0.725
513,KAZ_1998,45,114,0.39473684,48.79178,NA,96.05042,48.68077,NA,49.58592,0.85
514,KAZ_2000,82,158,0.51898734,50.68073,94.25208,96.56886,49.00199,12.56825,49.25823,2.435
515,KAZ_2002,52,101,0.51485149,59.05772,97.91345,97.0873,49.07645,NA,48.82142,2.39
516,KAZ_2004,47,130,0.36153846,59.32187,98.6274,97.13026,48.80187,NA,48.80483,3.245
517,KAZ_2006,30,97,0.30927835,52.13487,97.96804,97.17322,48.97677,15.05642,48.84478,4.79
518,KAZ_2008,130,146,0.89041096,59.94521,99.06052,97.11402,49.14991,NA,48.79662,5.605
519,KAZ_2010,67,100,0.67,43.4555,NA,96.95266,48.88273,14.70991,48.88722,7.845
520,KAZ_2012,181,132,1.37121212,52.72316,99.65918,96.7913,48.83302,15.29265,48.82281,6.94
521,KAZ_2014,41,115,0.35652174,52.47396,99.59862,96.97486,48.68499,15.34437,48.72091,5.52
522,KAZ_2016,149,123,1.21138211,52.3186,99.91682,97.15842,48.5346,15.35253,48.66923,4.28
523,KEN_1992,9,55,0.16363636,57.21912,NA,88.474,48.54207,NA,49.01541,42.845
524,KEN_1996,29,54,0.53703704,58.20638,NA,88.77528,49.23887,NA,NA,36.605
525,KEN_2000,32,59,0.54237288,50.69882,66.50717,89.28824,49.23451,8.16496,49.38302,41.615
526,KEN_2004,62,46,1.34782609,50.54258,70.97219,89.86432,47.59477,9.04098,48.2832,37.5
527,KEN_2008,142,47,3.0212766,62.08662,77.83292,90.4926,47.25937,NA,49.19819,45.65
528,KEN_2012,88,51,1.7254902,62.77632,84.94183,91.2998,47.71611,NA,49.84886,40.075
529,KEN_2016,187,80,2.3375,57.09578,NA,91.82084,48.53211,NA,49.67015,38.36
530,KGZ_1994,2,2,1,48.08762,NA,93.3681,44.33316,NA,49.91421,4.735
531,KGZ_1996,10,53,0.18867925,56.60241,90.4604,93.6195,44.43188,NA,48.69525,5.805
532,KGZ_2000,20,71,0.28169014,50.43192,92.67694,95.43588,44.09889,12.01106,48.83375,9.535
533,KGZ_2004,7,32,0.21875,50.60306,98.05516,96.74752,42.94323,12.76937,48.9781,4.125
534,KGZ_2008,4,22,0.18181818,57.19141,95.01923,96.78752,42.18341,NA,48.79687,3.17
535,KGZ_2010,1,3,0.33333333,49.39777,94.90389,96.31396,41.71994,12.65737,48.76648,2.025
536,KGZ_2012,3,15,0.2,49.96388,98.05645,95.8404,41.30014,12.9618,48.70447,2.92
537,KGZ_2016,7,19,0.36842105,51.49734,98.13283,96.1188,40.13059,13.6522,48.74961,12.2
538,KIR_2004,1,3,0.33333333,53.07366,NA,96.90036,NA,12.74659,49.57402,NA
539,KOR_1992,791,379,2.08707124,41.35754,NA,99.5889,39.17269,13.03982,48.46629,6.52
540,KOR_1994,175,45,3.88888889,41.62323,NA,99.6363,39.355,13.59783,48.21204,7.315
541,KOR_1996,1078,417,2.58513189,41.93939,NA,99.6837,39.91713,14.25302,47.83309,8.01
542,KOR_1998,185,79,2.34177215,51.29181,99.54055,99.72212,39.35811,14.4225,47.3476,7.36
543,KOR_2000,393,359,1.09470752,51.74607,99.89684,99.75156,40.37333,14.678,46.9967,8.78
544,KOR_2002,211,87,2.42528736,51.47256,98.04563,99.781,40.65789,14.78959,46.91623,8.645
545,KOR_2004,711,344,2.06686047,51.86971,98.30474,99.78864,40.69398,15.18957,47.07631,10.165
546,KOR_2006,252,85,2.96470588,52.24955,99.46004,99.79628,41.13979,15.558,47.39819,10.145
547,KOR_2008,590,329,1.79331307,52.44945,99.80718,99.80476,41.14502,15.87931,47.70546,10.355
548,KOR_2010,130,84,1.54761905,52.70982,99.3711,99.81408,40.96378,16.00649,47.71846,12.385
549,KOR_2012,451,312,1.44551282,52.58381,97.8398,99.8234,41.10993,15.89769,47.84701,12.985
550,KOR_2014,313,130,2.40769231,52.33675,95.12135,99.82832,41.49732,15.86574,48.06778,13.64
551,KOR_2016,376,263,1.42965779,52.14147,NA,99.83324,41.89616,NA,NA,14.695
552,LAO_1996,1,5,0.2,42.88621,64.43769,90.91954,50.15948,6.43431,44.00126,1.365
553,LAO_2000,1,3,0.33333333,44.56878,72.24403,92.01164,50.22858,7.00949,45.18395,0.735
554,LAO_2004,2,5,0.4,45.75584,76.83056,92.67552,50.51709,7.82838,45.91846,0.765
555,LAO_2008,2,4,0.5,47.53787,85.55738,93.02608,50.32747,8.68741,46.6239,1.005
556,LAO_2012,1,3,0.33333333,49.23803,93.65615,93.4052,49.99975,9.97319,47.61386,0.78
557,LAO_2016,2,5,0.4,49.53783,93.98029,93.67072,49.81385,10.89064,48.0115,0.86
558,LBR_1996,1,7,0.14285714,46.28291,NA,84.60278,46.03596,NA,NA,8.21
559,LBR_2000,2,10,0.2,37.80147,NA,85.06946,48.46089,8.77766,41.91934,4.78
560,LBR_2004,1,2,0.5,47.42008,NA,85.47554,47.56471,NA,NA,9.22
561,LBR_2008,2,4,0.5,46.09298,41.39889,85.96364,47.5996,NA,46.91778,8.585
562,LBR_2012,2,3,0.66666667,47.8322,NA,86.6018,47.9648,NA,NA,8.93
563,LBR_2016,1,3,0.33333333,49.24717,NA,87.12356,48.44795,NA,NA,12.17
564,LCA_1996,1,8,0.125,51.45907,NA,92.52306,41.23414,NA,NA,20.62
565,LCA_2000,2,5,0.4,58.02808,88.68524,93.9333,42.7053,NA,49.31156,15.505
566,LCA_2004,1,2,0.5,51.4746,93.39363,94.7991,44.48176,12.44939,48.31871,15.405
567,LCA_2008,3,4,0.75,51.23779,NA,95.26392,45.24058,NA,49.11166,15.335
568,LCA_2012,3,4,0.75,51.43505,NA,95.5836,45.35373,NA,48.82787,15.975
569,LCA_2016,3,5,0.6,51.68014,NA,95.87384,45.90902,NA,48.62268,16.315
570,LIE_2006,3,12,0.25,32.06281,NA,NA,NA,13.3913,50.73431,NA
571,LIE_2010,1,5,0.2,31.05773,NA,NA,NA,13.39752,48.71795,NA
572,LIE_2012,3,4,0.75,31.3139,NA,NA,NA,13.83992,48.78788,NA
573,LIE_2014,1,5,0.2,53.62783,98.0666,NA,NA,13.4649,49.352,NA
574,LIE_2016,2,3,0.66666667,30.45452,NA,NA,NA,13.41154,47.4975,NA
575,LTU_1992,19,67,0.28358209,51.53134,NA,95.5123,46.8523,NA,47.72577,16.035
576,LTU_1994,6,13,0.46153846,49.66697,NA,96.03642,46.92417,NA,46.92227,8.785
577,LTU_1996,22,81,0.27160494,43.18816,NA,96.56054,47.10949,12.80809,48.39266,11.07
578,LTU_1998,5,18,0.27777778,52.46807,96.16438,97.03662,47.46383,13.85865,48.46993,11.815
579,LTU_2000,86,77,1.11688312,52.35738,98.04398,97.46466,49.4742,15.07208,48.68435,5.405
580,LTU_2002,5,21,0.23809524,52.36535,96.02878,97.8927,48.78224,16.09497,48.5534,6.84
581,LTU_2004,34,70,0.48571429,51.49073,90.76874,97.97882,49.00797,16.82114,48.55771,5.81
582,LTU_2006,7,14,0.5,52.34434,93.81985,98.06494,49.54991,17.32051,48.40582,6.905
583,LTU_2008,52,78,0.66666667,52.8753,98.9299,98.20184,49.49859,17.57041,48.06107,4.99
584,LTU_2010,5,13,0.38461538,53.34811,99.35026,98.38952,50.62359,17.57638,48.30391,5.845
585,LTU_2012,88,72,1.22222222,53.20553,98.03954,98.5772,50.61538,16.92162,48.56943,6.51
586,LTU_2014,11,20,0.55,53.45892,99.74353,98.719,50.17676,16.68271,48.81654,6.615
587,LTU_2016,38,80,0.475,53.62586,99.87896,98.8608,50.59523,16.56633,48.83886,7.015
588,LUX_1992,1,13,0.07692308,49.09094,NA,98.7478,37.20501,NA,NA,11.32
589,LUX_1996,4,7,0.57142857,51.52485,NA,98.93684,36.76271,NA,NA,18.875
590,LUX_2000,7,9,0.77777778,61.05437,98.22612,98.89158,39.72831,NA,49.15583,19.27
591,LUX_2004,7,14,0.5,58.98899,96.85886,98.9129,41.95011,NA,48.69809,8.525
592,LUX_2006,1,1,1,51.77639,98.81302,98.9959,43.17045,13.58713,48.86681,7.225
593,LUX_2008,4,19,0.21052632,51.67807,98.21418,99.10184,43.46128,13.57301,48.95313,6.765
594,LUX_2012,4,11,0.36363636,51.9015,96.0592,99.3596,44.2798,13.99195,48.43348,9.285
595,LUX_2016,7,15,0.46666667,52.48112,NA,99.45616,45.0472,NA,NA,12.94
596,MAR_1992,6,68,0.08823529,36.31271,46.52733,96.2894,24.03564,5.39502,40.18889,5.44
597,MAR_1996,6,38,0.15789474,44.50687,57.28802,96.54444,24.59654,NA,42.00532,2.1
598,MAR_2000,18,55,0.32727273,41.53954,71.84968,96.47572,25.3966,7.68925,44.80602,3.02
599,MAR_2004,28,57,0.49122807,44.17002,83.64729,96.49828,26.90372,9.25004,46.47576,2.245
600,MAR_2008,21,49,0.42857143,45.4226,88.81612,96.65152,26.54466,9.98933,46.68899,3.845
601,MAR_2012,19,67,0.28358209,46.3444,92.58034,96.5992,25.92486,11.25061,47.5664,4.145
602,MAR_2014,2,4,0.5,53.60099,93.34486,96.71572,26.05426,NA,47.60013,4.29
603,MAR_2016,21,52,0.40384615,53.87903,94.4087,96.83224,26.08741,NA,47.47179,4.595
604,MDA_1994,2,4,0.5,49.89711,NA,93.88644,51.83624,NA,49.17075,4.695
605,MDA_1996,5,50,0.1,50.40107,NA,94.09068,51.98254,NA,NA,5.13
606,MDA_1998,2,4,0.5,49.98096,NA,94.73514,52.07274,NA,NA,3.135
607,MDA_2000,5,35,0.14285714,50.49059,92.08309,95.81982,52.04517,11.65911,48.70635,2.63
608,MDA_2002,5,9,0.55555556,51.25419,95.74131,96.9045,51.50306,11.79648,48.70977,2.87
609,MDA_2004,7,33,0.21212121,51.19229,96.50757,97.05614,50.97793,12.27122,48.64588,1.695
610,MDA_2006,7,10,0.7,50.09623,90.85521,97.20778,50.09765,12.53505,48.55167,1.33
611,MDA_2008,8,30,0.26666667,49.70747,89.9566,97.31384,49.04943,12.3916,48.29836,1.235
612,MDA_2010,4,11,0.36363636,49.68087,90.14494,97.37432,48.66169,12.07171,48.48757,1.345
613,MDA_2012,17,20,0.85,49.76122,90.45556,97.4348,49.0072,12.06639,48.38336,1.22
614,MDA_2014,2,5,0.4,49.74371,89.93939,97.58264,48.7108,12.05731,48.4771,1.695
615,MDA_2016,9,23,0.39130435,49.15083,NA,97.73048,49.17919,NA,48.40364,1.29
616,MDV_1992,1,10,0.1,42.12484,NA,89.7423,22.7776,NA,48.94448,7.035
617,MDV_1996,1,9,0.11111111,44.54158,NA,94.09422,29.10207,NA,48.36002,6.61
618,MDV_2000,2,4,0.5,49.5588,97.56456,96.63732,34.38124,11.88572,48.64394,8.24
619,MDV_2004,2,4,0.5,47.05474,NA,97.9954,36.50744,NA,47.64613,6.07
620,MDV_2008,2,4,0.5,56.68817,95.37187,98.67574,35.38602,NA,47.8272,6.18
621,MDV_2012,2,5,0.4,46.26287,NA,99.0691,31.45135,NA,48.08103,6.45
622,MDV_2016,2,4,0.5,56.55261,98.92417,99.35046,27.02466,NA,48.96873,8.495
623,MEX_1992,45,174,0.25862069,44.6361,NA,92.0666,29.97006,NA,48.51273,7.995
624,MEX_1996,31,111,0.27927928,38.60911,NA,91.77492,31.9841,10.66951,48.42204,10.195
625,MEX_2000,63,98,0.64285714,49.18706,99.85583,92.1124,32.83738,11.68087,48.72589,9.91
626,MEX_2004,114,137,0.83211679,49.47293,99.19736,92.6198,34.06445,12.4897,48.8213,9.645
627,MEX_2008,98,103,0.95145631,49.66422,96.32286,93.057,35.25401,12.84343,48.798,11.71
628,MEX_2012,129,119,1.08403361,50.68956,99.90296,93.403,36.41817,13.3396,48.91364,12.16
629,MEX_2016,94,139,0.67625899,50.8279,99.87712,93.85948,36.38697,14.40022,48.97359,11.47
630,MHL_2008,2,5,0.4,48.41765,NA,NA,NA,NA,48.41765,NA
631,MKD_1996,6,16,0.375,39.94238,NA,96.35454,39.0052,11.12923,48.19795,5.025
632,MKD_1998,1,3,0.33333333,48.67649,90.07832,96.74358,38.58403,11.29726,47.97074,7.385
633,MKD_2000,8,15,0.53333333,49.09381,94.84436,97.18574,38.69222,11.53371,48.36185,3.945
634,MKD_2004,6,14,0.42857143,48.86801,92.1476,97.74886,39.24592,11.74792,48.37776,3.94
635,MKD_2006,2,5,0.4,55.97327,90.90613,97.86982,39.03174,NA,48.17364,3.885
636,MKD_2008,2,7,0.28571429,48.76343,90.33718,97.98386,38.95296,12.85657,48.41504,4.035
637,MKD_2010,1,4,0.25,49.5101,94.81051,98.09098,38.70904,12.86079,48.39426,4.195
638,MKD_2012,2,4,0.5,48.60546,89.09613,98.1981,39.25586,13.00385,48.35381,3.725
639,MKD_2014,1,6,0.16666667,48.8402,88.74445,98.27078,39.52784,13.05065,48.32246,5.125
640,MKD_2016,4,6,0.66666667,47.77033,NA,98.34346,38.73753,NA,NA,6.23
641,MLI_1992,2,6,0.33333333,31.30757,NA,80.3661,36.23669,1.65868,36.97136,1.305
642,MLI_1996,2,4,0.5,32.20062,NA,80.79754,36.13824,2.53204,39.3603,2.175
643,MLI_2000,2,5,0.4,33.28212,NA,81.18638,36.09167,3.76245,42.02012,3.35
644,MLI_2004,2,21,0.0952381,42.14239,46.97232,81.40546,35.82705,NA,43.11712,3.39
645,MLI_2008,14,17,0.82352941,34.23764,NA,81.58438,37.871,6.10755,44.83529,0.79
646,MLI_2012,2,6,0.33333333,46.44767,62.20452,82.1095,41.07018,NA,45.94913,0.905
647,MLI_2016,2,6,0.33333333,46.17009,57.86964,82.89174,43.04218,NA,46.10188,0.945
648,MLT_1992,5,8,0.625,48.91787,95.95493,98.8116,28.85788,12.49843,48.11935,9.265
649,MLT_1996,5,10,0.5,49.37991,98.48476,98.2684,29.21805,13.39279,48.38545,8.53
650,MLT_2000,3,7,0.42857143,39.83555,NA,98.03174,30.26408,13.91691,48.61504,8.35
651,MLT_2004,3,7,0.42857143,39.77739,NA,98.04498,29.51759,14.68636,48.22302,8.415
652,MLT_2008,3,6,0.5,40.37035,NA,98.18232,33.73556,14.5489,48.74496,6.64
653,MLT_2012,2,5,0.4,50.9008,98.09892,98.2488,36.52531,15.35805,48.7037,8.47
654,MLT_2014,2,2,1,51.43858,99.70091,98.28432,38.02239,15.79305,48.89083,7.94
655,MLT_2016,4,8,0.5,42.05009,NA,98.31984,38.80342,16.43881,48.81837,7.87
656,MNE_2008,2,20,0.1,55.0575,95.68817,98.23604,44.02501,15.35479,48.19101,28.85
657,MNE_2012,281,34,8.26470588,63.61178,96.93397,98.667,44.37247,NA,48.24045,29.845
658,MNE_2014,1,3,0.33333333,55.71275,NA,98.72832,44.46493,NA,NA,23.945
659,MNE_2016,18,35,0.51428571,54.80357,92.48705,98.78964,44.5403,15.15319,47.23124,30.62
660,MOZ_1992,4,7,0.57142857,37.77763,36.63871,81.1669,55.77721,2.99239,42.86555,7.225
661,MOZ_1996,10,3,3.33333333,46.36745,NA,81.11226,55.9051,NA,NA,2.085
662,MOZ_2000,31,4,7.75,47.24489,49.84509,81.19556,55.1773,NA,43.01649,6.99
663,MOZ_2004,2,4,0.5,42.99782,64.28825,81.81248,54.5507,6.59211,45.32837,5.415
664,MOZ_2008,2,4,0.5,46.66353,82.16363,83.03782,54.30087,8.50634,46.73752,5.235
665,MOZ_2012,2,6,0.33333333,47.53364,84.1239,84.6255,54.99547,8.64346,47.49853,5.315
666,MOZ_2016,1,8,0.125,49.22134,NA,86.10534,54.96369,NA,NA,6.595
667,NAM_1992,3,10,0.3,54.46386,85.00685,89.6553,45.41065,NA,50.4515,1.795
668,NAM_1996,3,10,0.3,51.40414,NA,90.69986,45.39679,NA,49.88989,19.63
669,NAM_2000,6,16,0.375,61.65857,91.50597,91.4812,44.95232,NA,50.02337,30.33
670,NAM_2004,1,10,0.1,60.09764,90.62155,91.90576,46.57126,NA,49.95464,21.435
671,NAM_2008,5,11,0.45454545,56.18355,88.77879,92.0224,48.04746,NA,49.49411,2.575
672,NAM_2012,4,9,0.44444444,59.4533,89.8005,92.0224,49.07601,NA,49.11759,17.25
673,NAM_2016,6,11,0.54545455,52.57598,NA,92.49968,49.51326,NA,NA,15.715
674,NOR_1992,475,270,1.75925926,53.07425,99.70465,98.4252,45.3321,14.79321,48.75533,11.435
675,NOR_1994,181,159,1.13836478,53.16522,98.4674,98.5424,45.64356,16.27307,48.78489,11.28
676,NOR_1996,215,116,1.85344828,52.28526,98.30724,98.6596,46.27282,15.92709,48.74981,5.795
677,NOR_1998,220,149,1.47651007,52.68693,99.8318,98.77502,46.58242,17.31505,48.78228,4.835
678,NOR_2000,749,115,6.51304348,52.87276,99.83655,98.88866,46.5827,18.18126,48.74239,5.005
679,NOR_2002,303,166,1.8253012,52.79994,99.85673,99.0023,47.29912,17.80577,48.69075,4.145
680,NOR_2004,76,60,1.26666667,52.95574,99.4396,99.04486,47.31277,18.38152,48.67571,4.88
681,NOR_2006,112,161,0.69565217,52.9983,98.9296,99.08742,47.1181,18.30429,48.80539,5.745
682,NOR_2008,512,102,5.01960784,53.15314,99.39742,99.16618,47.38594,18.07337,48.7659,6.13
683,NOR_2010,305,190,1.60526316,53.08692,99.23571,99.28114,47.3069,18.25473,48.86806,5.575
684,NOR_2012,438,69,6.34782609,53.10241,99.90127,99.3961,47.26726,18.17984,49,4.87
685,NOR_2014,409,219,1.86757991,52.95387,99.78686,99.41398,47.31968,18.3166,48.9161,3.97
686,NOR_2016,163,77,2.11688312,53.01747,99.691,99.43186,47.07519,18.55309,48.8087,4.545
687,NRU_2000,1,2,0.5,31.70846,NA,NA,NA,9.92416,53.49276,NA
688,NRU_2004,1,3,0.33333333,28.02225,NA,NA,NA,8.69329,47.35121,NA
689,NZL_1992,163,185,0.88108108,54.53096,97.34669,96.6602,43.55402,15.29997,48.47488,25.85
690,NZL_1994,2,16,0.125,55.29463,97.17952,96.80164,43.87478,16.93739,48.60944,28.365
691,NZL_1996,92,129,0.71317829,55.03004,98.88263,96.94308,44.57741,17.50813,48.68399,23.585
692,NZL_1998,4,9,0.44444444,55.35579,99.45304,97.07662,44.90837,18.06458,48.58214,24.05
693,NZL_2000,93,177,0.52542373,62.56836,99.20624,97.20226,45.19966,NA,48.55863,22.675
694,NZL_2002,3,16,0.1875,62.00654,96.75193,97.3279,45.59975,NA,48.41812,21.935
695,NZL_2004,169,184,0.91847826,62.42055,98.0254,97.1927,45.97196,NA,48.4827,22.43
696,NZL_2006,8,18,0.44444444,61.55982,98.8207,97.0575,46.21739,NA,48.60352,17.1
697,NZL_2008,176,201,0.87562189,61.54741,99.49549,97.13334,46.59843,NA,48.75977,15.75
698,NZL_2010,9,22,0.40909091,54.58419,99.6429,97.42022,46.68125,20.54527,48.86052,14.355
699,NZL_2012,265,204,1.29901961,54.65352,98.57871,97.7071,47.02664,19.96902,48.90965,15.73
700,NZL_2014,8,18,0.44444444,53.94078,97.68189,97.82338,47.25598,19.64545,48.68298,12.555
701,NZL_2016,579,232,2.49568966,55.4806,98.91787,97.93966,47.36425,19.73116,48.67068,20.26
702,PAK_1996,1,24,0.04166667,36.10439,NA,93.6973,13.17088,NA,NA,1.445
703,PAK_2000,1,27,0.03703704,37.45942,NA,94.85316,15.22138,NA,39.13313,0.63
704,PAK_2004,2,26,0.07692308,41.90844,55.94323,95.57908,16.79152,NA,40.75837,0.47
705,PAK_2008,2,22,0.09090909,38.58694,65.33633,95.85424,19.78588,6.55043,43.84477,0.15
706,PAK_2012,2,21,0.0952381,39.12394,65.91929,95.9176,21.04187,6.95665,44.47322,0.435
707,PAK_2016,3,7,0.42857143,40.41461,71.39708,96.23088,22.24803,7.80202,44.23964,0.57
708,PAN_1996,2,9,0.22222222,44.19563,NA,90.52144,34.57546,NA,NA,7.49
709,PAN_2000,3,7,0.42857143,48.33375,94.68661,90.86066,35.55889,12.89975,48.19159,7.805
710,PAN_2004,2,5,0.4,49.21341,98.12574,91.10278,36.60753,13.51844,48.25597,7.67
711,PAN_2008,2,5,0.4,49.60279,96.92508,91.22838,36.98678,13.2744,48.18212,11.02
712,PAN_2012,2,8,0.25,56.02563,94.19492,91.3139,37.29923,NA,48.2351,9.085
713,PAN_2016,9,14,0.64285714,47.49278,NA,91.71654,39.6118,NA,NA,11.15
714,PER_1992,6,21,0.28571429,48.79404,NA,93.0001,37.64079,NA,48.55028,15.985
715,PER_1996,17,33,0.51515152,49.27983,NA,92.95994,40.55955,NA,NA,14.32
716,PER_2000,13,22,0.59090909,49.50129,NA,93.48996,41.04609,NA,49.03409,14.435
717,PER_2004,5,14,0.35714286,52.24879,99.87053,94.12208,44.23779,13.01074,49.0366,13.215
718,PER_2008,6,13,0.46153846,60.64803,99.8495,94.58138,45.45655,NA,49.05273,14.3
719,PER_2010,2,5,0.4,61.1566,99.85062,94.68374,46.02856,NA,49.0601,16.16
720,PER_2012,7,16,0.4375,59.51306,93.06711,94.7861,45.77149,NA,48.76558,15.175
721,PER_2014,2,5,0.4,59.6289,95.70992,94.97298,45.55447,NA,48.95214,12.955
722,PER_2016,15,34,0.44117647,60.31141,99.89501,95.15986,45.33376,NA,49.07341,12.095
723,PLW_2000,3,5,0.6,47.73429,NA,NA,NA,NA,47.73429,NA
724,PLW_2004,2,4,0.5,47.97844,NA,NA,NA,NA,47.97844,NA
725,PNG_1992,3,19,0.15789474,47.98316,NA,92.4168,48.63932,NA,44.57651,6.3
726,PNG_2000,3,5,0.6,49.954,NA,93.23562,48.64802,NA,44.88235,13.05
727,PNG_2004,2,6,0.33333333,49.7634,NA,93.65574,48.56139,NA,44.86646,11.97
728,PNG_2008,4,9,0.44444444,47.89918,NA,93.98036,48.5947,NA,45.43166,3.59
729,PNG_2012,4,8,0.5,54.73728,81.57188,94.3426,48.75967,NA,45.90724,3.105
730,PNG_2016,2,8,0.25,49.32492,NA,94.65612,48.89363,NA,NA,4.425
731,POL_1992,126,361,0.34903047,44.0127,NA,97.0637,45.53693,12.44612,48.28176,16.735
732,POL_1994,33,59,0.55932203,43.40426,NA,97.47686,45.73724,13.28386,48.44336,12.08
733,POL_1996,137,207,0.66183575,43.41541,NA,97.89002,45.53523,13.58532,48.55648,11.51
734,POL_1998,32,79,0.40506329,43.97033,NA,98.16748,45.36634,14.57399,48.18885,13.555
735,POL_2000,250,240,1.04166667,53.00755,96.73522,98.30924,45.9137,15.14991,48.41222,13.525
736,POL_2002,8,54,0.14814815,52.79949,95.6888,98.451,45.77101,15.83492,48.53619,12.515
737,POL_2004,184,224,0.82142857,52.61909,94.0223,98.43296,45.39368,15.41631,48.59428,13.855
738,POL_2006,43,91,0.47252747,52.47449,93.48631,98.41492,44.9478,15.53387,48.57903,13.885
739,POL_2008,201,316,0.63607595,52.43875,93.63049,98.43806,44.72514,15.63083,48.49295,13.715
740,POL_2010,145,106,1.36792453,52.76329,94.79059,98.50238,45.04655,16.11476,48.50548,13.62
741,POL_2012,194,256,0.7578125,53.05228,95.37031,98.5667,45.13553,16.16517,48.75597,14.32
742,POL_2014,178,149,1.19463087,53.11781,95.38248,98.63178,45.16178,16.84506,48.74074,13.945
743,POL_2016,322,289,1.11418685,53.07587,95.69158,98.69686,45.02698,17.26445,48.92037,12.855
744,PRK_1992,120,159,0.75471698,50.95743,NA,99.8245,49.00279,NA,NA,4.045
745,PRK_1996,42,36,1.16666667,50.0897,NA,99.86522,48.48889,NA,NA,1.915
746,PRK_1998,13,17,0.76470588,49.89225,NA,99.88112,48.39063,NA,NA,1.405
747,PRK_2000,54,47,1.14893617,49.99148,NA,99.89256,48.29688,NA,NA,1.785
748,PRK_2004,108,71,1.52112676,49.96767,NA,99.9168,48.1562,NA,NA,1.83
749,PRK_2006,5,7,0.71428571,49.90342,NA,99.9296,48.11065,NA,NA,1.67
750,PRK_2008,139,66,2.10606061,49.9308,NA,99.94256,48.08485,NA,NA,1.765
751,PRK_2010,2,3,0.66666667,49.92071,NA,99.95568,47.98646,NA,NA,1.82
752,PRK_2012,107,57,1.87719298,49.9863,NA,99.9688,47.92509,NA,NA,2.065
753,PRK_2016,101,38,2.65789474,49.80723,NA,99.97136,47.79033,NA,NA,1.66
754,QAT_2012,5,14,0.35714286,45.9603,99.36856,98.8732,12.77066,13.50647,48.95291,2.29
755,QAT_2016,2,42,0.04761905,45.88259,97.61179,98.98088,13.99577,14.11678,48.9353,1.655
756,ROU_1992,733,368,1.99184783,42.75239,NA,95.1832,46.39921,10.48052,48.78401,12.915
757,ROU_1994,24,48,0.5,47.74583,81.97878,95.47704,46.44084,10.25261,48.69572,3.63
758,ROU_1996,704,284,2.47887324,49.16751,90.34617,95.77088,45.83533,10.92187,48.68081,3.45
759,ROU_1998,9,29,0.31034483,50.15847,95.61768,95.99082,46.29913,11.20295,48.57026,3.27
760,ROU_2000,971,252,3.8531746,49.70684,92.51812,96.13686,46.4795,11.89869,48.4629,2.745
761,ROU_2002,21,41,0.51219512,50.23022,94.05107,96.2829,45.6713,12.76955,48.28652,4.32
762,ROU_2004,821,193,4.25388601,51.10523,98.79658,96.20714,45.13453,13.74404,48.34908,4.4
763,ROU_2006,26,53,0.49056604,50.58963,95.19173,96.13138,44.91629,14.45412,48.43923,4.405
764,ROU_2008,387,172,2.25,50.41249,94.39831,96.14776,44.38535,15.78886,48.30965,3.445
765,ROU_2010,28,49,0.57142857,50.25958,93.58835,96.25628,43.80224,15.96914,48.32648,3.615
766,ROU_2012,223,155,1.43870968,49.84256,91.64579,96.3648,44.10656,14.76772,48.23052,3.94
767,ROU_2014,15,40,0.375,47.99853,NA,96.49636,43.92422,NA,NA,3.575
768,ROU_2016,272,121,2.24793388,49.36391,90.09585,96.62792,43.22213,14.61818,48.32939,3.29
769,RUS_1994,574,208,2.75961538,57.96337,96.85193,95.48864,47.53092,NA,49.09537,0.85
770,RUS_1996,772,552,1.39855072,48.2225,NA,96.15948,47.58802,NA,NA,0.92
771,RUS_1998,555,197,2.81725888,49.64237,NA,96.64366,47.92846,NA,NA,4.355
772,RUS_2000,1960,602,3.25581395,49.20695,NA,96.94118,48.4866,NA,48.59,2.81
773,RUS_2002,291,240,1.2125,50.01213,NA,97.2387,48.95819,NA,48.62162,5.23
774,RUS_2004,2014,593,3.39629005,50.35894,NA,97.17158,49.16025,NA,NA,4.745
775,RUS_2006,568,283,2.00706714,51.32475,93.62212,97.10446,49.4563,14.35337,48.86224,4.55
776,RUS_2008,1963,600,3.27166667,51.74845,95.35748,97.12832,48.97337,14.5199,48.85664,5.655
777,RUS_2010,307,279,1.10035842,50.26627,NA,97.24316,48.86566,NA,NA,4.69
778,RUS_2012,1741,549,3.1712204,52.08663,97.96649,97.358,48.8913,15.04911,48.94487,4.31
779,RUS_2014,579,353,1.64022663,51.983,97.00675,97.55268,48.71672,15.26861,48.97821,4.375
780,RUS_2016,1951,406,4.80541872,52.26803,98.17303,97.74736,48.62317,15.86063,48.954,4.25
781,RWA_1992,3,10,0.3,48.59374,NA,94.1276,50.00002,NA,49.81735,0.43
782,RWA_2000,2,5,0.4,49.00713,NA,95.10012,50.93496,NA,49.57843,0.415
783,RWA_2004,2,5,0.4,41.51357,NA,95.5884,51.14373,8.86401,50.80669,1.165
784,RWA_2008,2,4,0.5,49.90138,NA,96.14648,51.25598,NA,50.86807,1.335
785,RWA_2012,2,7,0.28571429,42.41012,NA,96.9004,51.33342,11.593,50.70377,1.52
786,RWA_2016,3,7,0.42857143,51.36291,96.36675,97.32176,51.5125,11.21444,50.07703,1.685
787,SEN_1992,2,35,0.05714286,35.14161,38.1548,87.538,31.75541,3.6569,42.36453,7.38
788,SEN_2000,23,32,0.71875,46.06956,54.33593,89.5448,33.67948,NA,45.99761,6.79
789,SEN_2004,13,21,0.61904762,48.24649,61.71362,90.2126,34.53201,NA,48.26422,6.51
790,SEN_2008,7,17,0.41176471,43.93434,70.96919,90.84606,37.50311,7.26982,50.18288,6.835
791,SEN_2012,7,32,0.21875,46.40708,77.68595,91.6399,41.14194,8.90643,52.15323,6.915
792,SEN_2016,16,22,0.72727273,46.23518,75.99154,92.51326,41.23757,9.20547,52.28322,6.18
793,SGP_1992,14,37,0.37837838,48.85818,NA,99.2111,38.21218,NA,47.45943,10.55
794,SGP_1996,10,35,0.28571429,49.23416,NA,99.24694,39.37269,NA,47.57702,10.74
795,SGP_2000,13,23,0.56521739,51.3618,NA,99.2499,40.2305,NA,NA,14.605
796,SGP_2004,15,22,0.68181818,51.27921,NA,99.3091,41.29854,NA,NA,13.23
797,SGP_2008,80,36,2.22222222,51.28778,NA,99.44494,43.13631,NA,48.18488,14.385
798,SGP_2012,60,36,1.66666667,54.13924,NA,99.6091,44.09362,NA,NA,18.715
799,SGP_2016,20,32,0.625,52.87209,NA,99.62758,44.96069,NA,48.9451,17.955
800,SLE_1992,5,15,0.33333333,46.69111,NA,82.2184,49.69493,NA,NA,8.16
801,SLE_1996,7,19,0.36842105,48.52023,NA,83.15416,50.06153,NA,NA,12.345
802,SLE_2000,1,3,0.33333333,46.83912,NA,83.90848,50.35873,NA,48.37926,4.71
803,SLE_2004,1,2,0.5,48.80682,NA,84.70984,50.43562,NA,NA,11.275
804,SLE_2008,1,3,0.33333333,49.52319,NA,85.78136,50.38322,NA,NA,12.405
805,SLE_2012,1,2,0.5,58.03889,92.65592,87.3408,50.28499,NA,49.82772,10.085
806,SLE_2016,2,4,0.5,60.2585,99.45955,88.44192,50.17689,NA,50.28913,12.925
807,SMR_1992,1,28,0.03571429,48.25,NA,NA,NA,NA,48.25,NA
808,SMR_1996,1,7,0.14285714,47.70723,NA,NA,NA,NA,47.70723,NA
809,SMR_2000,1,4,0.25,48.03843,NA,NA,NA,NA,48.03843,NA
810,SMR_2008,2,4,0.5,47.55245,NA,NA,NA,NA,47.55245,NA
811,SMR_2012,3,4,0.75,51.38427,92.90323,NA,NA,15.63331,45.61626,NA
812,SOM_2000,1,2,0.5,36.25024,NA,87.29954,19.12117,NA,NA,2.33
813,SOM_2004,1,2,0.5,36.10526,NA,87.27626,18.72952,NA,NA,2.31
814,SOM_2008,1,2,0.5,36.28721,NA,87.62022,18.9064,NA,NA,2.335
815,SOM_2012,1,2,0.5,36.91944,NA,88.9627,19.56061,NA,NA,2.235
816,SOM_2016,1,2,0.5,37.42703,NA,89.7811,20.42999,NA,NA,2.07
817,SRB_2008,27,97,0.27835052,52.85278,97.91551,97.79612,43.60837,14.00961,48.82206,14.965
818,SRB_2010,8,15,0.53333333,51.72277,94.37534,97.84876,43.49957,13.88523,48.6377,12.09
819,SRB_2012,90,134,0.67164179,52.17922,96.36295,97.9014,43.27413,14.60032,48.54649,12.39
820,SRB_2014,5,17,0.29411765,52.70094,98.86675,97.98544,43.72063,14.81767,48.75015,12.065
821,SRB_2016,421,127,3.31496063,52.48709,99.22081,98.06948,44.1964,15.09282,48.54306,9.8
822,SSD_2016,1,3,0.33333333,56.49584,NA,93.47532,49.19719,NA,NA,26.815
823,STP_1996,1,2,0.5,44.99826,NA,88.04674,34.30044,NA,48.90084,8.745
824,STP_2000,1,2,0.5,44.18768,NA,88.51394,34.50411,NA,NA,9.545
825,STP_2004,1,2,0.5,37.93754,NA,88.96502,35.22061,9.68481,48.69729,7.12
826,STP_2008,1,4,0.25,46.32965,90.85307,89.3972,35.39436,9.7864,48.97189,3.575
827,STP_2012,1,2,0.5,37.74015,NA,89.8076,35.50053,10.70263,48.77998,3.91
828,STP_2016,1,3,0.33333333,44.59708,NA,90.37448,35.98777,NA,48.43106,3.595
829,SUR_1992,2,9,0.22222222,47.80268,NA,93.4018,33.51649,NA,48.71742,15.575
830,SUR_1996,5,11,0.45454545,44.75461,NA,93.81436,33.37947,NA,NA,7.07
831,SUR_2000,3,5,0.6,43.68924,NA,94.1881,35.76963,NA,NA,1.11
832,SUR_2004,2,4,0.5,44.17378,NA,94.5293,37.07704,NA,NA,0.915
833,SUR_2008,2,4,0.5,54.92379,90.71965,94.8308,38.27411,NA,48.25441,2.54
834,SUR_2012,2,5,0.4,55.78296,93.60537,95.072,39.36006,NA,48.09739,2.78
835,SUR_2016,2,6,0.33333333,56.56193,96.78356,95.33168,39.22519,NA,48.2492,3.22
836,SVK_1994,26,67,0.3880597,41.67711,NA,96.19038,44.63534,12.00226,48.87758,6.68
837,SVK_1996,27,98,0.2755102,42.1096,NA,96.91686,45.24555,12.36777,48.9178,7.1
838,SVK_1998,19,64,0.296875,42.23619,NA,97.41048,45.0071,12.99473,48.67365,7.095
839,SVK_2000,74,132,0.56060606,42.57479,NA,97.67124,45.59097,13.35281,48.52892,7.73
840,SVK_2002,23,79,0.29113924,42.31092,NA,97.932,45.56785,13.68001,48.69474,5.68
841,SVK_2004,55,84,0.6547619,43.05587,NA,97.91472,45.41884,14.16349,48.48729,9.295
842,SVK_2006,38,114,0.33333333,43.06431,NA,97.89744,44.63768,14.85805,48.48839,9.44
843,SVK_2008,76,67,1.13432836,43.05725,NA,97.85818,44.73777,15.5332,48.59211,8.565
844,SVK_2010,91,107,0.85046729,43.40249,NA,97.79694,44.78416,15.63909,48.54228,10.25
845,SVK_2012,58,65,0.89230769,43.17659,NA,97.7357,44.56416,15.54974,48.52836,9.505
846,SVK_2014,70,115,0.60869565,43.12783,NA,97.76034,44.742044,15.37335,48.54841,9.215
847,SVK_2016,24,63,0.38095238,51.00029,NA,97.78498,45.465899,NA,NA,9.75
848,SWE_1992,214,388,0.55154639,43.40439,NA,98.863,47.628162,13.54875,48.75702,8.225
849,SWE_1994,96,151,0.63576159,44.06716,NA,99.0292,47.337783,16.20438,49.01446,8.75
850,SWE_1996,216,233,0.92703863,44.33763,NA,99.1954,47.574887,17.19571,49.01214,8.71
851,SWE_1998,136,146,0.93150685,45.05397,NA,99.29498,47.224067,20.13063,49.52517,9.095
852,SWE_2000,205,198,1.03535354,54.14185,99.10266,99.32794,47.682878,20.46148,49.32616,8.95
853,SWE_2002,299,159,1.88050314,53.79942,99.30805,99.3609,47.720114,20.18292,49.38952,6.835
854,SWE_2004,141,157,0.89808917,52.75103,96.60185,99.37606,47.607387,16.8356,48.62528,7.46
855,SWE_2006,731,168,4.35119048,52.52721,94.94789,99.39122,47.457837,16.59393,48.66738,8.105
856,SWE_2008,116,169,0.68639053,52.99097,98.11687,99.41078,47.429112,16.51291,48.56617,7.91
857,SWE_2010,291,172,1.69186047,53.28504,99.05308,99.43474,47.12953,16.70412,48.55878,8.83
858,SWE_2012,140,168,0.83333333,53.36154,99.50038,99.4587,47.43969,16.58443,48.61604,8.57
859,SWE_2014,321,148,2.16891892,54.11671,99.82782,99.46566,47.514068,19.53446,50.02324,8.335
860,SWE_2016,577,186,3.10215054,51.87271,NA,99.47262,47.650504,NA,NA,8.495
861,SWZ_1996,1,6,0.16666667,51.01517,73.74239,88.8782,37.513735,NA,48.91152,6.03
862,SWZ_2000,2,6,0.33333333,38.3158,NA,89.53552,38.470665,9.05555,48.38728,6.13
863,SWZ_2004,1,3,0.33333333,38.63303,NA,90.35152,39.040773,9.42506,48.12779,6.22
864,SWZ_2008,2,4,0.5,45.83156,NA,91.26636,39.898325,NA,NA,6.33
865,SWZ_2012,1,3,0.33333333,52.79581,78.28454,91.5254,40.689648,NA,47.52445,5.955
866,SWZ_2016,1,2,0.5,46.65382,NA,92.14668,41.294769,NA,NA,6.52
867,SYR_1992,1,9,0.11111111,34.79443,NA,93.208,21.337568,9.24003,46.50155,3.685
868,SYR_1996,30,8,3.75,51.84052,92.60985,93.46856,20.108153,NA,46.64604,6.37
869,SYR_2000,2,8,0.25,42.17369,NA,94.07922,19.878847,NA,46.99671,7.74
870,SYR_2004,1,6,0.16666667,36.51644,NA,94.79458,18.15117,10.6503,47.58615,11.4
871,SYR_2008,1,7,0.14285714,46.70088,98.22869,95.39192,16.446864,11.49829,47.9095,10.73
872,SYR_2012,4,10,0.4,36.1308,NA,95.6712,15.012813,12.57053,48.00448,9.395
873,SYR_2016,3,7,0.42857143,39.15856,NA,96.04688,14.59381,NA,NA,6.835
874,THA_1992,35,64,0.546875,48.41474,NA,94.9775,45.025139,NA,48.60131,5.055
875,THA_1996,20,58,0.34482759,48.88782,NA,95.33646,45.716989,NA,NA,5.61
876,THA_2000,35,68,0.51470588,49.61664,NA,95.656,45.858157,NA,48.28739,8.665
877,THA_2004,106,51,2.07843137,42.01677,NA,95.78792,45.743225,12.50662,48.38611,7.66
878,THA_2008,78,53,1.47169811,51.20696,97.16725,95.57354,45.96367,13.574,48.35827,6.605
879,THA_2012,49,43,1.13953488,42.01816,NA,94.8437,46.236836,13.78134,48.34392,6.885
880,THA_2014,1,3,0.33333333,50.81159,90.81973,94.83218,45.733404,16.21948,49.01976,8.245
881,THA_2016,116,58,2,49.03563,NA,94.82066,45.656217,NA,NA,6.63
882,TJK_1996,2,8,0.25,46.35451,NA,94.83294,40.537052,NA,48.02804,2.02
883,TJK_2000,2,4,0.5,47.75004,92.2969,95.60856,40.851011,8.82145,47.4423,1.48
884,TJK_2004,4,9,0.44444444,48.52442,95.52099,95.914,40.8692,9.60293,47.98441,1.255
885,TJK_2008,3,16,0.1875,48.53856,96.3543,95.81288,40.008541,10.17263,48.09801,0.785
886,TJK_2012,12,16,0.75,48.63268,97.11647,96.108,39.336873,10.42383,48.18592,0.625
887,TJK_2016,2,7,0.28571429,55.82577,94.75872,96.30832,38.716194,NA,48.27063,1.075
888,TKM_1996,3,7,0.42857143,49.81997,NA,97.43686,42.213052,NA,NA,9.81
889,TKM_2000,4,8,0.5,51.7042,NA,97.51744,42.385147,NA,NA,15.21
890,TKM_2004,3,10,0.3,51.72227,NA,97.64888,42.552923,NA,NA,14.965
891,TKM_2008,4,10,0.4,53.02499,NA,97.69906,42.44092,NA,NA,18.935
892,TKM_2012,3,10,0.3,53.89505,NA,97.3545,42.190647,NA,NA,22.14
893,TKM_2016,5,9,0.55555556,54.42934,NA,97.51746,41.950558,NA,NA,23.82
894,TLS_2004,1,2,0.5,43.2989,NA,93.16212,32.065,NA,47.07848,0.89
895,TLS_2008,1,1,1,48.58997,69.35402,93.69118,31.426905,NA,47.46776,1.01
896,TLS_2012,1,2,0.5,53.39839,91.33514,94.7795,31.620652,NA,47.91665,1.34
897,TLS_2016,2,3,0.66666667,52.48608,83.35462,95.43766,31.787399,NA,48.47072,3.38
898,TTO_1996,6,16,0.375,56.80464,88.74022,95.33468,38.871965,NA,49.17634,11.9
899,TTO_2000,7,29,0.24137931,59.01606,98.68084,95.92224,38.409749,NA,49.06249,13.005
900,TTO_2004,10,26,0.38461538,51.191,96.68633,96.17068,41.126838,12.4661,48.51107,12.185
901,TTO_2008,13,35,0.37142857,58.98334,97.72514,96.25686,41.928072,NA,48.4566,10.55
902,TTO_2012,12,38,0.31578947,51.92716,NA,96.5195,42.396994,NA,NA,16.865
903,TTO_2016,18,43,0.41860465,51.63869,NA,96.8967,41.814358,NA,NA,16.205
904,TUN_1992,4,15,0.26666667,45.41308,91.03742,98.2931,23.178377,9.84154,46.06802,4.06
905,TUN_1996,7,52,0.13461538,46.32328,92.91265,98.8851,23.824246,11.26452,47.10816,3.945
906,TUN_2000,7,47,0.14893617,47.90979,94.15034,99.24778,24.823585,12.96239,47.43467,8.84
907,TUN_2004,12,64,0.1875,45.28052,NA,99.37726,26.005296,NA,47.70452,8.035
908,TUN_2008,12,29,0.4137931,49.55745,97.60207,99.33364,27.286835,14.84736,47.81981,10.455
909,TUN_2012,40,87,0.45977011,46.90694,NA,99.241,27.033566,NA,48.20321,13.15
910,TUN_2016,39,65,0.6,40.58846,NA,99.23596,26.503679,15.77741,48.21524,13.21
911,TUR_1992,17,71,0.23943662,36.70627,NA,93.9734,30.089303,8.01362,47.08003,4.375
912,TUR_1996,13,61,0.21311475,42.70274,NA,94.42028,29.452947,NA,NA,4.235
913,TUR_2000,29,67,0.43283582,43.9634,NA,95.09702,27.698722,NA,46.96787,6.09
914,TUR_2002,2,5,0.4,37.87699,NA,95.4737,29.359865,10.69774,47.40866,6.445
915,TUR_2004,56,74,0.75675676,37.4624,NA,95.74366,26.17188,10.88635,47.75011,6.76
916,TUR_2006,7,17,0.41176471,47.44815,96.19807,96.01362,26.329733,11.44878,48.07867,6.62
917,TUR_2008,78,71,1.09859155,47.8343,96.5757,96.29402,26.974075,11.79448,48.39254,6.975
918,TUR_2010,6,9,0.66666667,48.25023,95.36493,96.58486,29.185752,13.20107,48.67974,6.485
919,TUR_2012,134,119,1.12605042,48.27292,93.2566,96.8757,30.513953,13.91045,48.6408,6.44
920,TUR_2014,6,11,0.54545455,48.99848,94.33225,97.0915,31.049705,16.46559,48.87686,6.175
921,TUR_2016,63,119,0.52941176,45.45788,NA,97.3073,32.281351,NA,NA,6.785
922,UGA_1992,2,9,0.22222222,34.84418,NA,79.8705,45.790375,4.40479,43.85025,0.305
923,UGA_1996,5,12,0.41666667,43.45772,NA,80.6929,46.479385,NA,46.30359,0.355
924,UGA_2000,4,13,0.30769231,44.44797,NA,82.00718,46.983979,NA,48.23072,0.57
925,UGA_2004,2,11,0.18181818,40.52198,NA,83.65058,47.252676,10.3619,49.39975,11.945
926,UGA_2008,2,11,0.18181818,48.50121,NA,85.47264,47.387132,NA,49.93508,11.21
927,UGA_2012,4,16,0.25,49.49601,NA,87.3352,47.552116,NA,50.07671,13.02
928,UGA_2016,8,23,0.34782609,50.09246,NA,88.94688,47.901053,NA,50.38689,13.135
929,UKR_1994,68,60,1.13333333,53.9932,NA,94.79648,49.210363,12.33973,48.85941,64.76
930,UKR_2000,359,368,0.97554348,49.02186,NA,96.50174,48.515595,13.18919,48.62777,38.275
931,UKR_2002,43,111,0.38738739,57.94216,96.34969,97.0721,48.795896,14.42607,48.68918,42.32
932,UKR_2004,581,357,1.62745098,60.51104,89.53957,97.02682,48.635839,14.65584,48.59818,64.61
933,UKR_2006,66,109,0.60550459,63.27148,88.58783,96.98154,48.039861,15.02522,48.64945,82.345
934,UKR_2008,441,327,1.34862385,62.69837,87.9705,97.00806,48.142061,15.17455,48.78503,79.11
935,UKR_2010,51,95,0.53684211,50.64829,91.05125,97.10638,48.140312,15.10658,48.79522,3.69
936,UKR_2012,407,304,1.33881579,51.20257,94.63726,97.2047,47.31405,15.1195,48.93492,4.005
937,UKR_2014,181,101,1.79207921,51.15413,93.73723,97.36922,47.400528,15.19439,49.01842,4.205
938,UKR_2016,239,272,0.87867647,49.77595,NA,97.53374,47.448962,NA,48.99609,5.125
939,USA_1992,2374,968,2.45247934,50.43533,NA,94.0388,44.5722,NA,NA,12.695
940,USA_1994,307,237,1.29535865,52.22308,96.42522,94.37008,45.158426,16.43219,48.62754,12.325
941,USA_1996,3664,839,4.36710369,52.18377,96.14632,94.70136,45.300178,16.4132,48.52157,12.02
942,USA_1998,849,284,2.98943662,43.68245,NA,95.02958,45.489709,16.70706,49.44092,11.745
943,USA_2000,3016,764,3.94764398,59.2153,95.57584,95.35474,45.558537,NA,48.39238,11.195
944,USA_2002,754,313,2.40894569,59.23861,94.48465,95.6799,45.66895,NA,49.00957,11.35
945,USA_2004,3374,726,4.64738292,58.84782,92.94247,95.82814,45.747381,NA,48.69113,11.03
946,USA_2006,499,325,1.53538462,59.30854,95.38725,95.97638,45.760724,NA,49.02832,10.39
947,USA_2008,3794,763,4.97247706,59.57419,96.66678,96.28202,45.956284,NA,48.92085,10.045
948,USA_2010,787,341,2.30791789,59.36884,94.18904,96.74506,46.164767,NA,48.65033,11.095
949,USA_2012,4143,689,6.01306241,59.1134,93.09638,97.2081,45.970831,NA,48.54171,10.75
950,USA_2014,849,367,2.3133515,52.29172,93.72323,97.5733,45.950161,17.17578,48.83788,10.49
951,USA_2016,3700,719,5.14603616,51.50226,NA,97.9385,45.848292,NA,NA,10.72
952,UZB_1994,33,7,4.71428571,47.49576,NA,94.6668,41.575503,NA,49.05073,4.69
953,UZB_1996,20,95,0.21052632,47.46406,NA,95.4182,41.691634,NA,48.44639,4.3
954,UZB_1998,2,4,0.5,47.8493,NA,96.26828,41.837118,NA,49.04679,4.245
955,UZB_2000,27,85,0.31764706,40.57119,NA,97.21704,41.998004,10.63019,49.04574,3.965
956,UZB_2002,3,6,0.5,48.19162,NA,98.1658,42.127906,NA,48.68276,3.79
957,UZB_2004,22,79,0.27848101,41.03862,NA,98.1752,42.22904,11.17181,48.70204,4.915
958,UZB_2006,2,4,0.5,41.30542,NA,98.1846,42.228631,11.23399,48.63488,6.245
959,UZB_2008,29,69,0.42028986,49.51469,90.45223,98.2011,42.136074,11.19294,48.60082,6.505
960,UZB_2010,3,5,0.6,49.62708,90.84839,98.2247,42.015771,11.31059,48.45301,6.91
961,UZB_2012,19,56,0.33928571,50.03326,93.2047,98.2483,41.888701,11.4439,48.37393,7.04
962,UZB_2014,2,5,0.4,50.5862,95.76066,98.28802,41.762396,11.49812,48.39801,7.81
963,UZB_2016,27,80,0.3375,50.72716,96.78975,98.32774,41.666029,11.67635,48.37809,7.525
964,VEN_1992,4,27,0.14814815,45.72668,NA,90.5061,34.869294,NA,48.54634,8.985
965,VEN_1996,6,53,0.11320755,46.24885,NA,90.5733,35.857836,NA,48.63927,9.925
966,VEN_1998,1,1,1,45.97875,NA,90.63014,36.466113,NA,NA,10.84
967,VEN_2000,22,65,0.33846154,47.50845,88.23505,90.71022,36.890253,10.88698,48.52823,9.8
968,VEN_2002,1,4,0.25,48.65586,93.70855,90.7903,37.282067,11.84784,48.4664,9.84
969,VEN_2004,27,53,0.50943396,55.71395,92.56194,90.87822,38.036589,NA,48.41302,8.68
970,VEN_2008,67,126,0.53174603,48.99869,91.19884,91.05168,39.34342,15.09871,48.26449,9.035
971,VEN_2012,36,85,0.42352941,56.37609,92.49537,91.218,39.872706,NA,48.39436,9.9
972,VEN_2016,57,105,0.54285714,55.68631,88.90051,91.41664,39.95722,NA,48.27719,9.88
973,YEM_2000,1,2,0.5,40.48893,NA,90.4144,22.032404,NA,NA,9.02
974,YEM_2008,1,8,0.125,39.07835,68.70394,92.51856,14.290801,6.90353,43.63826,8.415
975,YEM_2012,1,4,0.25,46.99285,76.85497,93.2328,10.202811,NA,44.28364,10.39
976,YEM_2016,1,3,0.33333333,48.56433,77.92938,93.8184,8.098427,NA,45.59546,17.38
